id;pos_documento
1;[[['Depois', 'de', '20', 'dias', 'de', 'tempo', 'seco', ',', 'voltou', 'a', 'chover', 'na', 'capital', 'paulista', '.'], ['ADV', 'ADP', 'NUM', 'NOUN', 'ADP', 'NOUN', 'ADJ', 'PUNCT', 'VERB', 'SCONJ', 'VERB', 'ADP', 'NOUN', 'ADJ', 'PUNCT'], ['voltou a chover'], ['depois', 'de', '20', 'dia', 'de', 'tempo', 'seco', ',', 'voltar', 'a', 'chover', 'em o', 'capital', 'paulista', '.']], [['A', 'forte', 'chuva', 'em', 'São', 'Paulo', 'complicava', 'o', 'trânsito', 'na', 'manhã', 'desta', 'segunda-feira', ',', '16', ',', 'e', 'fez', 'com', 'que', 'o', 'Centro', 'de', 'Gerenciamento', 'de', 'Emergência', '(', 'CGE', ')', 'da', 'Prefeitura', 'colocasse', 'a', 'cidade', 'em', 'estado', 'de', 'atenção', '.'], ['DET', 'ADJ', 'NOUN', 'ADP', 'PROPN', 'PROPN', 'VERB', 'DET', 'NOUN', 'ADP', 'NOUN', 'ADP', 'NOUN', 'PUNCT', 'NUM', 'PUNCT', 'CCONJ', 'VERB', 'SCONJ', 'SCONJ', 'DET', 'PROPN', 'ADP', 'PROPN', 'ADP', 'PROPN', 'PUNCT', 'PROPN', 'PUNCT', 'ADP', 'NOUN', 'VERB', 'DET', 'NOUN', 'ADP', 'NOUN', 'ADP', 'NOUN', 'PUNCT'], ['complicava', 'fez', 'colocasse'], ['o', 'forte', 'chuva', 'em', 'São', 'Paulo', 'complicar', 'o', 'trânsito', 'em o', 'manhã', 'de este', 'segunda-feira', ',', '16', ',', 'e', 'fazer', 'com', 'que', 'o', 'Centro', 'de', 'Gerenciamento', 'de', 'Emergência', '(', 'CGE', ')', 'de o', 'prefeitura', 'colocar', 'o', 'cidade', 'em', 'estado', 'de', 'atenção', '.']], [['Até', '9h30', 'm', 'foram', 'registrados', 'oito', 'pontos', 'de', 'alagamento', ',', 'dois', 'deles', 'intransitáveis', '-', 'na', 'Marginal', 'Pinheiros', ',', 'na', 'altura', 'da', 'Ponte', 'João', 'Dias', ',', 'e', 'na', 'Marginal', 'Tietê', ',', 'no', 'acesso', 'à', 'Rodovia', 'dos', 'Bandeirantes', '.'], ['ADP', 'NOUN', 'NOUN', 'AUX', 'VERB', 'NUM', 'NOUN', 'ADP', 'NOUN', 'PUNCT', 'NUM', 'PRON', 'ADJ', 'PUNCT', 'ADP', 'PROPN', 'PROPN', 'PUNCT', 'ADP', 'NOUN', 'ADP', 'PROPN', 'PROPN', 'PROPN', 'PUNCT', 'CCONJ', 'ADP', 'PROPN', 'PROPN', 'PUNCT', 'ADP', 'NOUN', 'ADP', 'PROPN', 'ADP', 'PROPN', 'PUNCT'], ['foram registrados'], ['até', '9h30', 'm', 'ser', 'registrar', 'oito', 'ponto', 'de', 'alagamento', ',', 'dois', 'de ele', 'intransitável', '-', 'em o', 'Marginal', 'Pinheiros', ',', 'em o', 'altura', 'de o', 'Ponte', 'João', 'Dias', ',', 'e', 'em o', 'Marginal', 'Tietê', ',', 'em o', 'acesso', 'a o', 'Rodovia', 'de o', 'Bandeirantes', '.']], [['Às', '9', 'horas', ',', 'a', 'cidade', 'tinha', '113', 'km', 'de', 'lentidão', ',', 'sendo', 'que', 'a', 'média', 'para', 'o', 'horário', 'é', 'de', '82', 'km', ',', 'segundo', 'a', 'Companhia', 'de', 'Engenharia', 'de', 'Tráfego', '(', 'CET', ')', '.'], ['ADP', 'NUM', 'NOUN', 'PUNCT', 'DET', 'NOUN', 'VERB', 'NUM', 'NOUN', 'ADP', 'NOUN', 'PUNCT', 'AUX', 'SCONJ', 'DET', 'NOUN', 'ADP', 'DET', 'NOUN', 'AUX', 'ADP', 'NUM', 'NOUN', 'PUNCT', 'ADP', 'DET', 'PROPN', 'ADP', 'PROPN', 'ADP', 'PROPN', 'PUNCT', 'PROPN', 'PUNCT', 'PUNCT'], ['tinha'], ['a o', '9', 'hora', ',', 'o', 'cidade', 'ter', '113', 'km', 'de', 'lentidão', ',', 'ser', 'que', 'o', 'média', 'para', 'o', 'horário', 'ser', 'de', '82', 'km', ',', 'segundo', 'o', 'Companhia', 'de', 'Engenharia', 'de', 'Tráfego', '(', 'CET', ')', '.']]]
2;[[['Ao', 'menos', '17', 'pessoas', 'morreram', 'após', 'a', 'queda', 'de', 'um', 'avião', 'de', 'passageiros', 'na', 'República', 'Democrática', 'do', 'Congo', '.'], ['ADP', 'NOUN', 'NUM', 'NOUN', 'VERB', 'ADP', 'DET', 'NOUN', 'ADP', 'DET', 'NOUN', 'ADP', 'NOUN', 'ADP', 'PROPN', 'PROPN', 'ADP', 'PROPN', 'PUNCT'], ['morreram'], ['ao', 'menos', '17', 'pessoa', 'morrer', 'após', 'o', 'queda', 'de', 'um', 'avião', 'de', 'passageiro', 'em o', 'República', 'Democrática', 'de o', 'Congo', '.']], [['Todos', 'morreram', 'quando', 'o', 'avião', ',', 'prejudicado', 'pelo', 'mau', 'tempo', ',', 'não', 'conseguiu', 'chegar', 'à', 'pista', 'de', 'aterrissagem', 'e', 'caiu', 'numa', 'floresta', 'a', '15', 'quilômetros', 'do', 'aeroporto', 'de', 'Bukavu', '.'], ['PRON', 'VERB', 'ADV', 'DET', 'NOUN', 'PUNCT', 'VERB', 'ADP', 'ADJ', 'NOUN', 'PUNCT', 'ADV', 'VERB', 'VERB', 'ADP', 'NOUN', 'ADP', 'NOUN', 'CCONJ', 'VERB', 'ADP', 'NOUN', 'ADP', 'NUM', 'NOUN', 'ADP', 'NOUN', 'ADP', 'PROPN', 'PUNCT'], ['morreram', 'prejudicado', 'conseguiu chegar', 'caiu'], ['todo', 'morrer', 'quando', 'o', 'avião', ',', 'prejudicar', 'por o', 'mau', 'tempo', ',', 'não', 'conseguir', 'chegar', 'a o', 'pista', 'de', 'aterrissagem', 'e', 'cair', 'em um', 'floresta', 'a', '15', 'quilômetro', 'de o', 'aeroporto', 'de', 'Bukavu', '.']], [['Ele', 'havia', 'saído', 'da', 'cidade', 'mineira', 'de', 'Lugushwa', 'em', 'direção', 'a', 'Bukavu', ',', 'numa', 'distância', 'de', '130', 'quilômetros', '.'], ['PRON', 'AUX', 'VERB', 'ADP', 'NOUN', 'ADJ', 'ADP', 'PROPN', 'ADP', 'NOUN', 'ADP', 'PROPN', 'PUNCT', 'ADP', 'NOUN', 'ADP', 'NUM', 'NOUN', 'PUNCT'], ['havia saído'], ['ele', 'haver', 'sair', 'de o', 'cidade', 'mineiro', 'de', 'Lugushwa', 'em', 'direção', 'a', 'Bukavu', ',', 'em um', 'distância', 'de', '130', 'quilômetro', '.']]]
3;[[['O', 'ministro', 'da', 'Defesa', ',', 'Nelson', 'Jobim', ',', 'informou', 'no', 'fim', 'da', 'noite', 'desta', 'terça-feira', 'que', 'a', 'economista', 'Solange', 'Vieira', ',', 'de', '38', 'anos', ',', 'será', 'a', 'nova', 'presidente', 'da', 'Agência', 'Nacional', 'de', 'Aviação', 'Civil', '(', 'Anac', ')', '.'], ['DET', 'NOUN', 'ADP', 'NOUN', 'PUNCT', 'PROPN', 'PROPN', 'PUNCT', 'VERB', 'ADP', 'NOUN', 'ADP', 'NOUN', 'ADP', 'NOUN', 'SCONJ', 'DET', 'NOUN', 'PROPN', 'PROPN', 'PUNCT', 'ADP', 'NUM', 'NOUN', 'PUNCT', 'AUX', 'DET', 'ADJ', 'NOUN', 'ADP', 'PROPN', 'PROPN', 'ADP', 'PROPN', 'PROPN', 'PUNCT', 'PROPN', 'PUNCT', 'PUNCT'], ['informou'], ['o', 'ministro', 'de o', 'Defesa', ',', 'Nelson', 'Jobim', ',', 'informar', 'em o', 'fim', 'de o', 'noite', 'de este', 'terça-feira', 'que', 'o', 'economista', 'Solange', 'Vieira', ',', 'de', '38', 'ano', ',', 'ser', 'o', 'novo', 'presidente', 'de o', 'Agência', 'Nacional', 'de', 'Aviação', 'Civil', '(', 'Anac', ')', '.']], [['Braço', 'direito', 'do', 'peemedebista', 'desde', 'sua', 'posse', ',', 'ela', 'é', 'funcionária', 'de', 'carreira', 'do', 'BNDES', 'e', 'comandou', 'a', 'Secretaria', 'de', 'Previdência', 'Complementar', 'no', 'governo', 'Fernando', 'Henrique', 'Cardoso', '.'], ['NOUN', 'ADJ', 'ADP', 'NOUN', 'ADP', 'DET', 'NOUN', 'PUNCT', 'PRON', 'AUX', 'NOUN', 'ADP', 'NOUN', 'ADP', 'PROPN', 'CCONJ', 'VERB', 'DET', 'PROPN', 'ADP', 'PROPN', 'PROPN', 'ADP', 'NOUN', 'PROPN', 'PROPN', 'PROPN', 'PUNCT'], ['comandou'], ['Braço', 'direito', 'de o', 'peemedebista', 'desde', 'seu', 'posse', ',', 'ela', 'ser', 'funcionária', 'de', 'carreira', 'de o', 'BNDES', 'e', 'comandar', 'o', 'Secretaria', 'de', 'Previdência', 'Complementar', 'em o', 'governo', 'Fernando', 'Henrique', 'Cardoso', '.']], [['Como', 'os', 'diretores', 'de', 'agências', 'têm', 'mandato', 'de', 'cinco', 'anos', ',', 'só', 'podem', 'sair', 'por', 'renúncia', ',', 'decisão', 'judicial', 'ou', 'acusação', 'de', 'improbidade', 'administrativa', '.'], ['SCONJ', 'DET', 'NOUN', 'ADP', 'NOUN', 'VERB', 'NOUN', 'ADP', 'NUM', 'NOUN', 'PUNCT', 'ADV', 'VERB', 'VERB', 'ADP', 'NOUN', 'PUNCT', 'NOUN', 'ADJ', 'CCONJ', 'NOUN', 'ADP', 'NOUN', 'ADJ', 'PUNCT'], ['têm', 'podem sair'], ['como', 'o', 'diretor', 'de', 'agência', 'ter', 'mandato', 'de', 'cinco', 'ano', ',', 'só', 'poder', 'sair', 'por', 'renúncia', ',', 'decisão', 'judicial', 'ou', 'acusação', 'de', 'improbidade', 'administrativo', '.']], [['Uma', 'da', 'três', 'vagas', 'será', 'ocupada', 'pelo', 'major-brigadeiro', 'Allemander', 'Jesus', 'Pereira', 'Filho', ',', 'indicado', 'para', 'exercer', 'o', 'cargo', 'em', 'substituição', 'a', 'Jorge', 'Luiz', 'Brito', 'Velozo', ',', 'que', 'pediu', 'demissão', 'no', 'final', 'do', 'mês', 'passado', '.'], ['NUM', 'ADP', 'NUM', 'NOUN', 'AUX', 'VERB', 'ADP', 'NOUN', 'PROPN', 'PROPN', 'PROPN', 'PROPN', 'PUNCT', 'VERB', 'SCONJ', 'VERB', 'DET', 'NOUN', 'ADP', 'NOUN', 'ADP', 'PROPN', 'PROPN', 'PROPN', 'PROPN', 'PUNCT', 'PRON', 'VERB', 'NOUN', 'ADP', 'NOUN', 'ADP', 'NOUN', 'ADJ', 'PUNCT'], ['será ocupada', 'indicado', 'exercer', 'pediu'], ['um', 'de o', 'três', 'vaga', 'ser', 'ocupar', 'por o', 'major-brigadeiro', 'Allemander', 'Jesus', 'Pereira', 'Filho', ',', 'indicar', 'para', 'exercer', 'o', 'cargo', 'em', 'substituição', 'a', 'Jorge', 'Luiz', 'Brito', 'Velozo', ',', 'que', 'pedir', 'demissão', 'em o', 'final', 'de o', 'mês', 'passado', '.']], [['Cobrado', 'por', 'familiares', 'de', 'vítimas', 'do', 'acidente', 'da', 'TAM', 'e', 'pela', 'oposição', ',', 'dificilmente', 'o', 'relator', 'irá', 'sugerir', 'o', 'indiciamento', 'de', 'Zuanazzi', '.'], ['VERB', 'ADP', 'NOUN', 'ADP', 'NOUN', 'ADP', 'NOUN', 'ADP', 'PROPN', 'CCONJ', 'ADP', 'NOUN', 'PUNCT', 'ADV', 'DET', 'NOUN', 'AUX', 'VERB', 'DET', 'NOUN', 'ADP', 'PROPN', 'PUNCT'], ['Cobrado', 'irá sugerir'], ['cobrar', 'por', 'familiar', 'de', 'vítima', 'de o', 'acidente', 'de o', 'TAM', 'e', 'por o', 'oposição', ',', 'dificilmente', 'o', 'relator', 'ir', 'sugerir', 'o', 'indiciamento', 'de', 'Zuanazzi', '.']]]
4;"[[['Usando', 'telescópios', 'do', 'Observatório', 'Europeu', 'Sul', '(', 'ESO', ')', ',', 'astrônomos', 'descobriram', 'um', 'planeta', 'com', 'sete', 'vezes', 'a', 'massa', 'de', 'Júpiter', ',', 'o', 'mais', 'pesado', 'dos', 'que', 'giram', 'em', 'torno', 'do', 'Sol', ',', 'e', 'outro', ',', 'com', 'o', 'dobro', 'desse', 'peso', '.'], ['VERB', 'NOUN', 'ADP', 'PROPN', 'PROPN', 'PROPN', 'PUNCT', 'PROPN', 'PUNCT', 'PUNCT', 'NOUN', 'VERB', 'DET', 'NOUN', 'ADP', 'NUM', 'NOUN', 'DET', 'NOUN', 'ADP', 'PROPN', 'PUNCT', 'DET', 'ADV', 'ADJ', 'PRON', 'PRON', 'VERB', 'ADP', 'NOUN', 'DET', 'NOUN', 'PUNCT', 'CCONJ', 'PRON', 'PUNCT', 'ADP', 'DET', 'NOUN', 'ADP', 'NOUN', 'PUNCT'], ['Usando', 'descobriram', 'giram'], ['Usar', 'telescópio', 'de o', 'Observatório', 'Europeu', 'Sul', '(', 'ESO', ')', ',', 'astrônomo', 'descobrir', 'um', 'planeta', 'com', 'sete', 'vez', 'o', 'massa', 'de', 'Júpiter', ',', 'o', 'mais', 'pesado', 'de o', 'que', 'girar', 'em', 'torno', 'de o', 'Sol', ',', 'e', 'outro', ',', 'com', 'o', 'dobro', 'de esse', 'peso', '.']], [['Ambos', 'os', 'mundos', 'têm', 'massa', 'semelhante', 'à', 'de', 'outros', 'exoplanetas', 'já', 'catalogados', ',', 'mas', 'não', 'giram', 'em', 'torno', 'de', 'uma', 'estrela', '-', 'na', 'verdade', ',', 'giram', 'em', 'torno', 'um', 'do', 'outro', '.'], ['DET', 'DET', 'NOUN', 'VERB', 'NOUN', 'ADJ', 'PRON', 'ADP', 'DET', 'NOUN', 'ADV', 'VERB', 'PUNCT', 'CCONJ', 'ADV', 'VERB', 'ADP', 'NOUN', 'ADP', 'DET', 'NOUN', 'PUNCT', 'ADP', 'NOUN', 'PUNCT', 'VERB', 'ADP', 'NOUN', 'NUM', 'ADP', 'PRON', 'PUNCT'], ['têm', 'catalogados', 'giram', 'giram'], ['ambos', 'o', 'mundo', 'ter', 'massa', 'semelhante', 'a o', 'de', 'outro', 'exoplaneta', 'já', 'catalogar', ',', 'mas', 'não', 'girar', 'em', 'torno', 'de', 'um', 'estrela', '-', 'em o', 'verdade', ',', 'girar', 'em', 'torno', 'um', 'de o', 'outro', '.']], [['Ray', 'Jayawardhana', ',', 'da', 'Universidade', 'de', 'Toronto', ',', 'e', 'Valentin', 'Ivanov', ',', 'do', 'Observatório', 'Europeu', 'Austral', ',', 'publicarão', 'a', 'descoberta', 'na', ""'"", 'Science', 'Express', ""'"", ',', 'site', 'da', 'revista', ""'"", 'Science', ""'"", '.'], ['PROPN', 'PROPN', 'PUNCT', 'ADP', 'PROPN', 'ADP', 'PROPN', 'PUNCT', 'CCONJ', 'PROPN', 'PROPN', 'PUNCT', 'ADP', 'PROPN', 'PROPN', 'PROPN', 'PUNCT', 'VERB', 'DET', 'NOUN', 'ADP', 'PUNCT', 'PROPN', 'PROPN', 'PUNCT', 'PUNCT', 'NOUN', 'ADP', 'NOUN', 'PUNCT', 'PROPN', 'PUNCT', 'PUNCT'], ['publicarão'], ['Ray', 'Jayawardhana', ',', 'de o', 'Universidade', 'de', 'Toronto', ',', 'e', 'Valentin', 'Ivanov', ',', 'de o', 'Observatório', 'Europeu', 'Austral', ',', 'publicar', 'o', 'descoberta', 'em o', ""'"", 'Science', 'Express', ""'"", ',', 'site', 'de o', 'revista', ""'"", 'Science', ""'"", '.']], [['Durante', 'os', 'últimos', 'cinco', 'anos', ',', 'os', 'astrônomos', 'identificaram', 'algumas', 'dúzias', 'de', 'objetos', 'com', 'massas', 'inferiores', ',', 'flutuando', 'livres', 'nas', 'proximidades', 'de', 'regiões', 'de', 'formação', 'estelar', 'próximas', ',', 'aos', 'quais', 'chamam', 'de', ""'"", 'planemos', ""'"", ',', 'mas', 'nunca', 'até', 'agora', 'unidos', '.'], ['ADP', 'DET', 'ADJ', 'NUM', 'NOUN', 'PUNCT', 'DET', 'NOUN', 'VERB', 'DET', 'NOUN', 'ADP', 'NOUN', 'ADP', 'NOUN', 'ADJ', 'PUNCT', 'VERB', 'ADJ', 'ADP', 'NOUN', 'ADP', 'NOUN', 'ADP', 'NOUN', 'ADJ', 'ADJ', 'PUNCT', 'ADP', 'PRON', 'VERB', 'ADP', 'PUNCT', 'VERB', 'PUNCT', 'PUNCT', 'CCONJ', 'ADV', 'ADP', 'ADV', 'PRON', 'PUNCT'], ['identificaram', 'flutuando', 'chamam', 'planemos'], ['durante', 'o', 'último', 'cinco', 'ano', ',', 'o', 'astrônomo', 'identificar', 'algum', 'dúzia', 'de', 'objeto', 'com', 'massa', 'inferior', ',', 'flutuar', 'livre', 'em o', 'proximidade', 'de', 'região', 'de', 'formação', 'estelar', 'próximo', ',', 'a o', 'qual', 'chamar', 'de', ""'"", 'planemos', ""'"", ',', 'mas', 'nunca', 'até', 'agora', 'Unidos', '.']]]"
5;[[['A', 'seleção', 'brasileira', 'masculina', 'de', 'vôlei', ',', 'que', 'é', 'treinada', 'por', 'Bernardinho', ',', 'venceu', 'a', 'Finlândia', 'por', '3', 'sets', 'a', '0', ',', 'parciais', 'de', '25/17', ',', '25/22', 'e', '25/21', ',', 'nesta', 'sexta-feira', ',', 'em', 'Tampere', '(', 'FIN', ')', ',', 'e', 'manteve', 'sua', 'invencibilidade', 'na', 'Liga', 'Mundial-06', '.'], ['DET', 'NOUN', 'ADJ', 'ADJ', 'ADP', 'NOUN', 'PUNCT', 'PRON', 'AUX', 'VERB', 'ADP', 'PROPN', 'PUNCT', 'VERB', 'DET', 'PROPN', 'ADP', 'NUM', 'NOUN', 'ADP', 'NUM', 'PUNCT', 'ADJ', 'ADP', 'NUM', 'PUNCT', 'NUM', 'CCONJ', 'NUM', 'PUNCT', 'ADP', 'NOUN', 'PUNCT', 'ADP', 'PROPN', 'PUNCT', 'PROPN', 'PUNCT', 'PUNCT', 'CCONJ', 'VERB', 'DET', 'NOUN', 'ADP', 'PROPN', 'PROPN', 'PUNCT'], ['é treinada', 'venceu', 'manteve'], ['o', 'seleção', 'brasileiro', 'masculino', 'de', 'vôlei', ',', 'que', 'ser', 'treinar', 'por', 'Bernardinho', ',', 'vencer', 'o', 'Finlândia', 'por', '3', 'set', 'a', '0', ',', 'parcial', 'de', '25/17', ',', '25/22', 'e', '25/21', ',', 'em este', 'sexta-feira', ',', 'em', 'Tampere', '(', 'FIN', ')', ',', 'e', 'manter', 'seu', 'invencibilidade', 'em o', 'Liga', 'Mundial-06', '.']], [['Invicto', 'na', 'competição', ',', 'o', 'Brasil', 'está', 'tranqüilo', 'na', 'liderança', 'do', 'Grupo', 'B.'], ['PROPN', 'ADP', 'NOUN', 'PUNCT', 'DET', 'PROPN', 'AUX', 'ADJ', 'ADP', 'NOUN', 'ADP', 'PROPN', 'PROPN'], ['está tranqüilo'], ['Invicto', 'em o', 'competição', ',', 'o', 'Brasil', 'estar', 'tranqüilo', 'em o', 'liderança', 'de o', 'Grupo', 'B.']], [['O', 'time', 'está', 'perto', 'da', 'classificação', 'para', 'a', 'próxima', 'fase', '.'], ['DET', 'NOUN', 'AUX', 'ADV', 'ADP', 'NOUN', 'ADP', 'DET', 'ADJ', 'NOUN', 'PUNCT'], [], ['o', 'time', 'estar', 'perto', 'de o', 'classificação', 'para', 'o', 'próximo', 'fase', '.']], [['Os', 'dois', 'times', 'voltam', 'a', 'se', 'enfrentar', 'às', '12h30', 'deste', 'sábado', ',', 'no', 'mesmo', 'ginásio', ',', 'que', 'normalmente', 'é', 'utilizado', 'para', 'competições', 'de', 'hóquei', 'no', 'gelo', '.'], ['DET', 'NUM', 'NOUN', 'VERB', 'SCONJ', 'PRON', 'VERB', 'ADP', 'NOUN', 'ADP', 'NOUN', 'PUNCT', 'ADP', 'ADJ', 'NOUN', 'PUNCT', 'PRON', 'ADV', 'AUX', 'VERB', 'ADP', 'NOUN', 'ADP', 'NOUN', 'ADP', 'NOUN', 'PUNCT'], ['voltam', 'enfrentar', 'é utilizado'], ['o', 'dois', 'time', 'voltar', 'a', 'se', 'enfrentar', 'a o', '12h30', 'de este', 'sábado', ',', 'em o', 'mesmo', 'ginásio', ',', 'que', 'normalmente', 'ser', 'utilizar', 'para', 'competição', 'de', 'hóquei', 'em o', 'gelo', '.']]]
6;"[[['O', 'superintendente', 'regional', 'da', 'Polícia', 'Federal', 'de', 'Rondônia', ',', 'delegado', 'Joaquim', 'Mesquita', ',', 'informou', 'nesta', 'sexta-feira', ',', 'dia', '04', ',', 'que', '23', 'pessoas', 'foram', 'presas', ',', 'até', 'o', 'momento', ',', 'pela', 'Operação', 'Dominó', ',', 'em', 'Rondônia', '.'], ['DET', 'NOUN', 'ADJ', 'ADP', 'PROPN', 'PROPN', 'ADP', 'PROPN', 'PUNCT', 'NOUN', 'PROPN', 'PROPN', 'PUNCT', 'VERB', 'ADP', 'NOUN', 'PUNCT', 'NOUN', 'NUM', 'PUNCT', 'PRON', 'NUM', 'NOUN', 'AUX', 'VERB', 'PUNCT', 'ADP', 'DET', 'NOUN', 'PUNCT', 'ADP', 'PROPN', 'PROPN', 'PUNCT', 'ADP', 'PROPN', 'PUNCT'], ['informou', 'foram presas'], ['o', 'superintendente', 'regional', 'de o', 'Polícia', 'Federal', 'de', 'Rondônia', ',', 'delegado', 'Joaquim', 'Mesquita', ',', 'informar', 'em este', 'sexta-feira', ',', 'dia', '04', ',', 'que', '23', 'pessoa', 'ser', 'presas', ',', 'até', 'o', 'momento', ',', 'por o', 'Operação', 'Dominó', ',', 'em', 'Rondônia', '.']], [['A', 'quadrilha', 'é', 'acusada', 'de', 'praticar', 'diversos', 'crimes', 'administrativos', ',', 'como', 'desvio', 'de', 'recursos', 'públicos', ',', 'corrupção', ',', 'prevaricação', ',', 'concussão', ',', 'peculato', ',', 'extorsão', ',', 'lavagem', 'de', 'dinheiro', 'e', 'venda', 'de', 'sentenças', 'judiciais', '.'], ['DET', 'NOUN', 'AUX', 'VERB', 'SCONJ', 'VERB', 'ADJ', 'NOUN', 'ADJ', 'PUNCT', 'ADP', 'NOUN', 'ADP', 'NOUN', 'ADJ', 'PUNCT', 'NOUN', 'PUNCT', 'NOUN', 'PUNCT', 'NOUN', 'PUNCT', 'ADJ', 'PUNCT', 'NOUN', 'PUNCT', 'NOUN', 'ADP', 'NOUN', 'CCONJ', 'NOUN', 'ADP', 'NOUN', 'ADJ', 'PUNCT'], ['é acusada de praticar'], ['o', 'quadrilha', 'ser', 'acusar', 'de', 'praticar', 'diversos', 'crime', 'administrativo', ',', 'como', 'desvio', 'de', 'recurso', 'público', ',', 'corrupção', ',', 'prevaricação', ',', 'concussão', ',', 'peculato', ',', 'extorsão', ',', 'lavagem', 'de', 'dinheiro', 'e', 'venda', 'de', 'sentença', 'judicial', '.']], [['Segundo', 'divulgada', 'pela', 'PF', ',', 'o', 'grupo', 'criminoso', 'desviou', 'desde', '2004', 'cerca', 'de', 'R$', '70', 'milhões', 'dos', 'cofres', 'públicos', ',', 'por', 'meio', 'do', 'pagamento', 'de', 'serviços', ',', 'compras', 'e', 'obras', 'superfaturadas', '.'], ['SCONJ', 'VERB', 'ADP', 'PROPN', 'PUNCT', 'DET', 'NOUN', 'ADJ', 'VERB', 'ADP', 'NUM', 'ADV', 'ADP', 'SYM', 'NUM', 'NUM', 'ADP', 'NOUN', 'ADJ', 'PUNCT', 'ADP', 'NOUN', 'ADP', 'NOUN', 'ADP', 'NOUN', 'PUNCT', 'NOUN', 'CCONJ', 'NOUN', 'VERB', 'PUNCT'], ['divulgada', 'desviou', 'superfaturadas'], ['segundo', 'divulgar', 'por o', 'PF', ',', 'o', 'grupo', 'criminoso', 'desviar', 'desde', '2004', 'cerca', 'de', 'R$', '70', 'milhão', 'de o', 'cofr', 'público', ',', 'por', 'meio', 'de o', 'pagamento', 'de', 'serviço', ',', 'compra', 'e', 'obra', 'superfaturar', '.']], [['A', 'polícia', 'também', 'vai', 'abrir', 'nova', 'investigação', 'sobre', 'a', 'participação', 'de', 'desembargadores', 'e', 'conselheiros', 'do', 'Tribunal', 'de', 'Contas', 'no', 'suposto', 'esquema', '.'], ['DET', 'NOUN', 'ADV', 'AUX', 'VERB', 'ADJ', 'NOUN', 'ADP', 'DET', 'NOUN', 'ADP', 'NOUN', 'CCONJ', 'NOUN', 'ADP', 'PROPN', 'ADP', 'PROPN', 'ADP', 'ADJ', 'NOUN', 'PUNCT'], ['vai abrir'], ['o', 'polícia', 'também', 'ir', 'abrir', 'novo', 'investigação', 'sobre', 'o', 'participação', 'de', 'desembargador', 'e', 'conselheiro', 'de o', 'Tribunal', 'de', 'contas', 'em o', 'suposto', 'esquema', '.']], [['A', 'PF', 'divulgou', 'que', 'cerca', 'de', '300', 'policiais', 'federais', 'do', 'Amazonas', ',', 'Distrito', 'Federal', ',', 'Mato', 'Grosso', ',', 'Acre', 'e', 'de', 'Rondônia', 'fazem', 'parte', 'das', 'investigações', 'da', ""'"", 'Operação', 'Dominó', ""'"", '.'], ['DET', 'PROPN', 'VERB', 'SCONJ', 'ADV', 'ADP', 'NUM', 'NOUN', 'ADJ', 'ADP', 'PROPN', 'PUNCT', 'PROPN', 'PROPN', 'PUNCT', 'PROPN', 'PROPN', 'PUNCT', 'PROPN', 'CCONJ', 'ADP', 'PROPN', 'VERB', 'NOUN', 'ADP', 'NOUN', 'ADP', 'PUNCT', 'PROPN', 'PROPN', 'PUNCT', 'PUNCT'], ['divulgou', 'fazem'], ['o', 'PF', 'divulgar', 'que', 'cerca', 'de', '300', 'policial', 'federal', 'de o', 'Amazonas', ',', 'Distrito', 'Federal', ',', 'Mato', 'Grosso', ',', 'Acre', 'e', 'de', 'Rondônia', 'fazer', 'parte', 'de o', 'investigação', 'de o', ""'"", 'Operação', 'Dominó', ""'"", '.']]]"
7;[[['A', 'aviação', 'israelense', 'atacou', '150', 'alvos', 'na', 'madrugada', 'de', 'hoje', 'no', 'Líbano', ',', 'enquanto', 'soldados', 'do', 'Estado', 'judeu', 'mataram', '10', 'milicianos', 'do', 'Hisbolá', 'nas', 'aldeias', 'libanesas', 'de', 'Bint', 'Djebeil', 'e', 'Kafr', 'Hula', ',', 'segundo', 'informações', 'de', 'fontes', 'militares', '.'], ['DET', 'NOUN', 'ADJ', 'VERB', 'NUM', 'NOUN', 'ADP', 'NOUN', 'ADP', 'ADV', 'ADP', 'PROPN', 'PUNCT', 'ADV', 'NOUN', 'ADP', 'NOUN', 'ADJ', 'VERB', 'NUM', 'NOUN', 'ADP', 'PROPN', 'ADP', 'NOUN', 'ADJ', 'ADP', 'PROPN', 'PROPN', 'CCONJ', 'PROPN', 'PROPN', 'PUNCT', 'ADP', 'NOUN', 'ADP', 'NOUN', 'ADJ', 'PUNCT'], ['atacou', 'mataram'], ['o', 'aviação', 'israelense', 'atacar', '150', 'alvo', 'em o', 'madrugada', 'de', 'hoje', 'em o', 'Líbano', ',', 'enquanto', 'soldado', 'de o', 'estado', 'judeu', 'matar', '10', 'miliciano', 'de o', 'Hisbolá', 'em o', 'aldeia', 'libanês', 'de', 'Bint', 'Djebeil', 'e', 'Kafr', 'Hula', ',', 'segundo', 'informação', 'de', 'fonte', 'militar', '.']], [['Os', 'combates', 'se', 'intensificaram', 'hoje', 'após', 'a', 'sangrenta', 'batalha', 'deste', 'domingo', ',', 'quando', 'a', 'guerrilha', 'xiita', 'do', 'Hezbolá', 'matou', '15', 'pessoas', 'e', 'deixou', 'mais', 'de', '200', 'feridas', ',', 'entre', 'militares', 'e', 'civis', '.'], ['DET', 'NOUN', 'PRON', 'VERB', 'ADV', 'ADP', 'DET', 'ADJ', 'NOUN', 'ADP', 'NOUN', 'PUNCT', 'ADV', 'DET', 'NOUN', 'ADJ', 'ADP', 'PROPN', 'VERB', 'NUM', 'NOUN', 'CCONJ', 'VERB', 'ADV', 'ADP', 'NUM', 'NOUN', 'PUNCT', 'ADP', 'NOUN', 'CCONJ', 'ADJ', 'PUNCT'], ['intensificaram', 'matou', 'deixou'], ['o', 'combate', 'se', 'intensificar', 'hoje', 'após', 'o', 'sangrento', 'batalha', 'de este', 'domingo', ',', 'quando', 'o', 'guerrilha', 'xiita', 'de o', 'Hezbolá', 'matar', '15', 'pessoa', 'e', 'deixar', 'mais', 'de', '200', 'ferida', ',', 'entre', 'militar', 'e', 'civil', '.']], [['O', 'Líbano', 'apresentou', 'um', 'pedido', 'formal', 'ao', 'Conselho', 'de', 'Segurança', 'da', 'Organização', 'das', 'Nações', 'Unidas', '(', 'ONU', ')', 'de', 'uma', 'revisão', 'da', 'proposta', 'de', 'resolução', 'para', 'o', 'fim', 'do', 'conflito', 'no', 'Oriente', 'Médio', '.'], ['DET', 'PROPN', 'VERB', 'DET', 'NOUN', 'ADJ', 'ADP', 'PROPN', 'ADP', 'PROPN', 'ADP', 'PROPN', 'ADP', 'PROPN', 'PROPN', 'PUNCT', 'PROPN', 'PUNCT', 'ADP', 'DET', 'NOUN', 'ADP', 'NOUN', 'ADP', 'NOUN', 'ADP', 'DET', 'NOUN', 'ADP', 'NOUN', 'ADP', 'PROPN', 'PROPN', 'PUNCT'], ['apresentou'], ['o', 'Líbano', 'apresentar', 'um', 'pedido', 'formal', 'a o', 'Conselho', 'de', 'Segurança', 'de o', 'Organização', 'de o', 'Nações', 'Unidas', '(', 'ONU', ')', 'de', 'um', 'revisão', 'de o', 'proposta', 'de', 'resolução', 'para', 'o', 'fim', 'de o', 'conflito', 'em o', 'Oriente', 'Médio', '.']], [['A', 'esse', 'respeito', ',', 'o', 'Conselho', 'de', 'Segurança', 'da', 'ONU', 'debaterá', 'hoje', 'ou', 'amanhã', 'uma', 'proposta', 'de', 'resolução', 'apresentada', 'pelos', 'Estados', 'Unidos', 'e', 'pela', 'França', ',', 'que', 'contempla', 'um', 'cessar-fogo', 'e', 'inclui', 'também', 'o', 'posicionamento', 'de', 'uma', 'força', 'multinacional', 'no', 'Líbano', '.'], ['ADP', 'DET', 'NOUN', 'PUNCT', 'DET', 'PROPN', 'ADP', 'PROPN', 'ADP', 'PROPN', 'VERB', 'ADV', 'CCONJ', 'ADV', 'DET', 'NOUN', 'ADP', 'NOUN', 'VERB', 'ADP', 'PROPN', 'PROPN', 'CCONJ', 'ADP', 'PROPN', 'PUNCT', 'PRON', 'VERB', 'DET', 'NOUN', 'CCONJ', 'VERB', 'ADV', 'DET', 'NOUN', 'ADP', 'DET', 'NOUN', 'ADJ', 'ADP', 'PROPN', 'PUNCT'], ['debaterá', 'apresentada', 'contempla', 'inclui'], ['a', 'esse', 'respeito', ',', 'o', 'Conselho', 'de', 'Segurança', 'de o', 'ONU', 'debater', 'hoje', 'ou', 'amanhã', 'um', 'proposta', 'de', 'resolução', 'apresentar', 'por o', 'Estados', 'Unidos', 'e', 'por o', 'França', ',', 'que', 'contemplar', 'um', 'cessar-fogo', 'e', 'incluir', 'também', 'o', 'posicionamento', 'de', 'um', 'força', 'multinacional', 'em o', 'Líbano', '.']]]
8;"[[['A', 'cidade', 'de', 'São', 'Paulo', 'e', 'alguns', 'municípios', 'do', 'interior', 'paulista', 'foram', 'atingidos', 'na', 'madrugada', 'desta', 'segunda-feira', 'por', 'novos', 'atentados', 'com', 'bombas', 'e', 'tiros', 'contra', 'agências', 'bancárias', ',', 'bases', 'policiais', 'e', 'prédios', 'públicos', '.'], ['DET', 'NOUN', 'ADP', 'PROPN', 'PROPN', 'CCONJ', 'DET', 'NOUN', 'ADP', 'NOUN', 'ADJ', 'AUX', 'VERB', 'ADP', 'NOUN', 'ADP', 'NOUN', 'ADP', 'ADJ', 'NOUN', 'ADP', 'NOUN', 'CCONJ', 'NOUN', 'ADP', 'NOUN', 'ADJ', 'PUNCT', 'NOUN', 'ADJ', 'CCONJ', 'NOUN', 'ADJ', 'PUNCT'], ['foram atingidos'], ['o', 'cidade', 'de', 'São', 'Paulo', 'e', 'algum', 'município', 'de o', 'interior', 'paulista', 'ser', 'atingir', 'em o', 'madrugada', 'de este', 'segunda-feira', 'por', 'novo', 'atentado', 'com', 'bomba', 'e', 'tiro', 'contra', 'agência', 'bancário', ',', 'base', 'policial', 'e', 'prédio', 'público', '.']], [['Pelo', 'menos', 'oito', 'ataques', 'foram', 'confirmados', '.'], ['ADP', 'NOUN', 'NUM', 'NOUN', 'AUX', 'VERB', 'PUNCT'], ['foram confirmados'], ['pelo', 'menos', 'oito', 'ataque', 'ser', 'confirmar', '.']], [['Os', 'ataques', 'desta', 'madrugada', ',', 'até', 'agora', ',', 'não', 'deixaram', 'mortos', 'ou', 'feridos', '.'], ['DET', 'NOUN', 'ADP', 'NOUN', 'PUNCT', 'ADP', 'ADV', 'PUNCT', 'ADV', 'VERB', 'NOUN', 'CCONJ', 'VERB', 'PUNCT'], ['deixaram', 'feridos'], ['o', 'ataque', 'de este', 'madrugada', ',', 'até', 'agora', ',', 'não', 'deixar', 'morto', 'ou', 'ferir', '.']], [['As', 'ações', 'são', 'atribuídas', 'à', 'facção', 'criminosa', '""'], ['DET', 'NOUN', 'AUX', 'VERB', 'ADP', 'NOUN', 'ADJ', 'PUNCT'], ['são atribuídas'], ['o', 'ação', 'ser', 'atribuír', 'a o', 'facção', 'criminoso', '""']], [['Primeiro', 'Comando', 'da', 'Capital', '""', '(', 'PCC', ')', ',', 'que', 'já', 'comandou', 'outros', 'ataques', 'em', 'duas', 'ocasiões', '.'], ['ADV', 'NOUN', 'ADP', 'PROPN', 'PUNCT', 'PUNCT', 'PROPN', 'PUNCT', 'PUNCT', 'PRON', 'ADV', 'VERB', 'DET', 'NOUN', 'ADP', 'NUM', 'NOUN', 'PUNCT'], ['comandou'], ['primeiro', 'Comando', 'de o', 'Capital', '""', '(', 'PCC', ')', ',', 'que', 'já', 'comandar', 'outro', 'ataque', 'em', 'dois', 'ocasião', '.']], [['Uma', 'bomba', 'de', 'fabricação', 'caseira', 'explodiu', 'em', 'frente', 'ao', 'prédio', 'do', 'Ministério', 'Público', 'Estadual', 'e', 'lojas', 'vizinhas', 'também', 'foram', 'atingidas', 'por', 'estilhaços', '.'], ['DET', 'NOUN', 'ADP', 'NOUN', 'ADJ', 'VERB', 'ADP', 'NOUN', 'ADP', 'NOUN', 'ADP', 'PROPN', 'PROPN', 'PROPN', 'CCONJ', 'NOUN', 'ADJ', 'ADV', 'AUX', 'VERB', 'ADP', 'NOUN', 'PUNCT'], ['explodiu', 'foram atingidas'], ['um', 'bomba', 'de', 'fabricação', 'caseiro', 'explodir', 'em', 'frente', 'a o', 'prédio', 'de o', 'Ministério', 'Público', 'Estadual', 'e', 'loja', 'vizinho', 'também', 'ser', 'atingir', 'por', 'estilhaço', '.']], [['Calcula-se', 'em', '15', 'o', 'número', 'de', 'ônibus', 'incendiados', ',', 'sendo', 'dez', 'na', 'região', 'do', 'ABC', 'e', 'quatro', 'na', 'capital', '.'], ['VERB', 'ADP', 'NUM', 'DET', 'NOUN', 'ADP', 'NOUN', 'VERB', 'PUNCT', 'AUX', 'NUM', 'ADP', 'NOUN', 'ADP', 'PROPN', 'CCONJ', 'NUM', 'ADP', 'NOUN', 'PUNCT'], ['Calcula-se', 'incendiados'], ['calcular se', 'em', '15', 'o', 'número', 'de', 'ônibus', 'incendiar', ',', 'ser', 'dez', 'em o', 'região', 'de o', 'ABC', 'e', 'quatro', 'em o', 'capital', '.']], [['Os', 'líderes', 'da', 'facção', 'criminosa', 'PCC', 'haviam', 'prometido', 'uma', 'nova', 'onda', 'de', 'ataques', 'caso', 'o', 'Ministério', 'Público', 'de', 'São', 'Paulo', 'negasse', 'a', 'saída', 'temporária', 'de', 'presos', 'em', 'virtude', 'do', 'Dia', 'dos', 'Pais', '.'], ['DET', 'NOUN', 'ADP', 'NOUN', 'ADJ', 'PROPN', 'AUX', 'VERB', 'DET', 'ADJ', 'NOUN', 'ADP', 'NOUN', 'SCONJ', 'DET', 'PROPN', 'PROPN', 'ADP', 'PROPN', 'PROPN', 'VERB', 'DET', 'NOUN', 'ADJ', 'ADP', 'NOUN', 'ADP', 'NOUN', 'ADP', 'NOUN', 'ADP', 'PROPN', 'PUNCT'], ['haviam prometido', 'negasse'], ['o', 'líder', 'de o', 'facção', 'criminoso', 'PCC', 'haver', 'prometer', 'um', 'novo', 'onda', 'de', 'ataque', 'caso', 'o', 'Ministério', 'Público', 'de', 'São', 'Paulo', 'negar', 'o', 'saída', 'temporário', 'de', 'preso', 'em', 'virtude', 'de o', 'Dia', 'de o', 'Pais', '.']], [['O', 'benefício', 'depende', 'de', 'decisão', 'judicial', 'após', 'análise', 'do', 'Ministério', 'Público', 'e', 'os', 'presos', 'poderiam', 'deixar', 'a', 'cadeia', 'no', 'período', 'do', 'dia', '9', 'até', '15', 'de', 'agosto', '.'], ['DET', 'NOUN', 'VERB', 'ADP', 'NOUN', 'ADJ', 'ADP', 'NOUN', 'ADP', 'PROPN', 'PROPN', 'CCONJ', 'DET', 'NOUN', 'VERB', 'VERB', 'DET', 'NOUN', 'ADP', 'NOUN', 'ADP', 'NOUN', 'NUM', 'ADP', 'NUM', 'ADP', 'NOUN', 'PUNCT'], ['depende', 'poderiam deixar'], ['o', 'benefício', 'depender', 'de', 'decisão', 'judicial', 'após', 'análise', 'de o', 'Ministério', 'Público', 'e', 'o', 'preso', 'poder', 'deixar', 'o', 'cadeia', 'em o', 'período', 'de o', 'dia', '9', 'até', '15', 'de', 'agosto', '.']]]"
9;"[[['Um', 'total', 'de', '549', 'pessoas', 'morreram', ',', '3.043', 'ficaram', 'feridas', 'e', '295', 'estão', 'desaparecidas', 'em', 'razão', 'das', 'enchentes', 'que', 'recentemente', 'afetaram', 'a', 'Coréia', 'do', 'Norte', ',', 'informou', 'hoje', 'um', 'jornal', 'pró', 'norte-coreano', 'publicado', 'no', 'Japão', ',', 'que', 'citou', 'fontes', 'oficiais', 'de', 'Pyongyang', '.'], ['DET', 'NOUN', 'ADP', 'NUM', 'NOUN', 'VERB', 'PUNCT', 'NUM', 'VERB', 'NOUN', 'CCONJ', 'NUM', 'AUX', 'ADJ', 'ADP', 'NOUN', 'ADP', 'NOUN', 'PRON', 'ADV', 'VERB', 'DET', 'PROPN', 'ADP', 'PROPN', 'PUNCT', 'VERB', 'ADV', 'DET', 'NOUN', 'ADJ', 'NOUN', 'VERB', 'ADP', 'PROPN', 'PUNCT', 'PRON', 'VERB', 'NOUN', 'ADJ', 'ADP', 'PROPN', 'PUNCT'], ['morreram', 'ficaram', 'afetaram', 'informou', 'publicado', 'citou'], ['um', 'total', 'de', '549', 'pessoa', 'morrer', ',', '3.043', 'ficar', 'ferir', 'e', '295', 'estar', 'desaparecido', 'em', 'razão', 'de o', 'enchente', 'que', 'recentemente', 'afetar', 'o', 'Coréia', 'de o', 'Norte', ',', 'informar', 'hoje', 'um', 'jornal', 'pró', 'norte-coreano', 'publicar', 'em o', 'Japão', ',', 'que', 'citar', 'fonte', 'oficial', 'de', 'Pyongyang', '.']], [['Segundo', 'o', 'jornal', ""'"", 'Choson', 'Sinbo', ""'"", ',', 'publicado', 'pela', 'Associação', 'de', 'Residentes', 'Coreanos', 'no', 'Japão', ',', 'que', 'é', 'próxima', 'ao', 'regime', 'comunista', 'da', 'Coréia', 'do', 'Norte', ',', 'as', 'fortes', 'chuvas', 'que', 'alagaram', 'grande', 'parte', 'desse', 'país', 'na', 'segunda', 'metade', 'de', 'julho', 'provocaram', ""'"", 'muitos', 'danos', ""'"", '.'], ['ADP', 'DET', 'NOUN', 'PUNCT', 'PROPN', 'PROPN', 'PUNCT', 'PUNCT', 'VERB', 'ADP', 'PROPN', 'ADP', 'PROPN', 'PROPN', 'ADP', 'PROPN', 'PUNCT', 'PRON', 'AUX', 'ADJ', 'ADP', 'NOUN', 'ADJ', 'ADP', 'PROPN', 'ADP', 'PROPN', 'PUNCT', 'DET', 'ADJ', 'NOUN', 'PRON', 'VERB', 'ADJ', 'NOUN', 'ADP', 'NOUN', 'ADP', 'ADJ', 'NOUN', 'ADP', 'NOUN', 'VERB', 'PUNCT', 'DET', 'NOUN', 'PUNCT', 'PUNCT'], ['publicado', 'alagaram', 'provocaram'], ['segundo', 'o', 'jornal', ""'"", 'Choson', 'Sinbo', ""'"", ',', 'publicar', 'por o', 'Associação', 'de', 'Residentes', 'Coreanos', 'em o', 'Japão', ',', 'que', 'ser', 'próximo', 'a o', 'regime', 'comunista', 'de o', 'Coréia', 'de o', 'Norte', ',', 'o', 'forte', 'chuva', 'que', 'alagar', 'grande', 'parte', 'de esse', 'país', 'em o', 'segundo', 'metade', 'de', 'julho', 'provocar', ""'"", 'muito', 'dano', ""'"", '.']], [['A', 'agência', 'sul-coreana', 'Yonhap', 'disse', 'na', 'sexta-feira', 'que', 'um', 'alto', 'funcionário', 'de', 'Pyongyang', 'pediu', 'o', 'envio', 'urgente', 'de', 'alimentos', 'para', 'seu', 'país', '.'], ['DET', 'NOUN', 'ADJ', 'PROPN', 'VERB', 'ADP', 'NOUN', 'PRON', 'DET', 'ADJ', 'NOUN', 'ADP', 'PROPN', 'VERB', 'DET', 'NOUN', 'ADJ', 'ADP', 'NOUN', 'ADP', 'DET', 'NOUN', 'PUNCT'], ['disse', 'pediu'], ['o', 'agência', 'sul-coreana', 'Yonhap', 'dizer', 'em o', 'sexta-feira', 'que', 'um', 'alto', 'funcionário', 'de', 'Pyongyang', 'pedir', 'o', 'envio', 'urgente', 'de', 'alimento', 'para', 'seu', 'país', '.']]]"
10;"[[['Quinze', 'voluntários', 'da', 'ONG', 'francesa', ""'"", 'Ação', 'Contra', 'a', 'Fome', '(', 'ACF', ')', ""'"", 'foram', 'assassinados', 'no', 'nordeste', 'do', 'Sri', 'Lanka', ',', 'informou', 'hoje', 'um', 'porta-voz', 'da', 'organização', '.'], ['NUM', 'NOUN', 'ADP', 'PROPN', 'ADJ', 'PUNCT', 'PROPN', 'PROPN', 'PROPN', 'PROPN', 'PUNCT', 'PROPN', 'PUNCT', 'PUNCT', 'AUX', 'VERB', 'ADP', 'NOUN', 'ADP', 'PROPN', 'PROPN', 'PUNCT', 'VERB', 'ADV', 'DET', 'NOUN', 'ADP', 'NOUN', 'PUNCT'], ['foram assassinados', 'informou'], ['quinze', 'voluntário', 'de o', 'ONG', 'francês', ""'"", 'Ação', 'Contra', 'a', 'Fome', '(', 'ACF', ')', ""'"", 'ser', 'assassinar', 'em o', 'nordeste', 'de o', 'Sri', 'Lanka', ',', 'informar', 'hoje', 'um', 'porta-voz', 'de o', 'organização', '.']], [['Os', 'crimes', 'aconteceram', 'na', 'cidade', 'de', 'Muttur', ',', 'que', 'durante', 'as', 'últimas', 'duas', 'semanas', 'vive', 'graves', 'conflitos', 'entre', 'as', 'tropas', 'do', 'Exército', 'do', 'Sri', 'Lanka', 'e', 'a', 'guerrilha', 'dos', 'Tigres', 'de', 'Libertação', 'da', 'Pátria', 'Tâmil', '(', 'LTTE', ')', '.'], ['DET', 'NOUN', 'VERB', 'ADP', 'NOUN', 'ADP', 'PROPN', 'PUNCT', 'PRON', 'ADP', 'DET', 'ADJ', 'NUM', 'NOUN', 'VERB', 'ADJ', 'NOUN', 'ADP', 'DET', 'NOUN', 'ADP', 'PROPN', 'ADP', 'PROPN', 'PROPN', 'CCONJ', 'DET', 'NOUN', 'ADP', 'PROPN', 'ADP', 'PROPN', 'ADP', 'PROPN', 'PROPN', 'PUNCT', 'PROPN', 'PUNCT', 'PUNCT'], ['aconteceram', 'vive'], ['o', 'crime', 'acontecer', 'em o', 'cidade', 'de', 'Muttur', ',', 'que', 'durante', 'o', 'último', 'dois', 'semana', 'viver', 'grave', 'conflito', 'entre', 'o', 'tropa', 'de o', 'exército', 'de o', 'Sri', 'Lanka', 'e', 'o', 'guerrilha', 'de o', 'Tigres', 'de', 'Libertação', 'de o', 'Pátria', 'Tâmil', '(', 'LTTE', ')', '.']], [['Ainda', 'não', 'se', 'sabe', 'quem', 'cometeu', 'os', 'assassinatos', 'dos', 'funcionários', 'da', 'organização', 'francesa', '.'], ['ADV', 'ADV', 'PRON', 'VERB', 'PRON', 'VERB', 'DET', 'NOUN', 'ADP', 'NOUN', 'ADP', 'NOUN', 'ADJ', 'PUNCT'], ['sabe', 'cometeu'], ['ainda', 'não', 'se', 'saber', 'quem', 'cometer', 'o', 'assassinato', 'de o', 'funcionário', 'de o', 'organização', 'francês', '.']], [['O', 'violento', 'conflito', 'começou', 'em', '26', 'de', 'julho', ',', 'quando', 'as', 'tropas', 'aéreas', 'do', 'governo'], ['DET', 'ADJ', 'NOUN', 'VERB', 'ADP', 'NUM', 'ADP', 'NOUN', 'PUNCT', 'ADV', 'DET', 'NOUN', 'ADJ', 'ADP', 'NOUN'], ['começou'], ['o', 'violento', 'conflito', 'começar', 'em', '26', 'de', 'julho', ',', 'quando', 'o', 'tropa', 'aéreo', 'de o', 'governo']], [['O', 'governo', 'diz', 'estar', 'comprometido', 'com', 'a', 'trégua', ',', 'mas', 'a', 'situação', 'política', 'com', 'os', 'rebeldes', ',', 'que', 'lutam', 'pela', 'independência', 'do', 'norte', 'e', 'do', 'leste', 'do', 'país', ',', 'permanece', 'em', 'um', 'impasse', '.'], ['DET', 'NOUN', 'VERB', 'AUX', 'VERB', 'ADP', 'DET', 'NOUN', 'PUNCT', 'CCONJ', 'DET', 'NOUN', 'ADJ', 'ADP', 'DET', 'NOUN', 'PUNCT', 'PRON', 'VERB', 'ADP', 'NOUN', 'ADP', 'NOUN', 'CCONJ', 'ADP', 'NOUN', 'ADP', 'NOUN', 'PUNCT', 'VERB', 'ADP', 'DET', 'NOUN', 'PUNCT'], ['diz estar comprometido', 'lutam', 'permanece'], ['o', 'governo', 'dizer', 'estar', 'comprometer', 'com', 'o', 'trégua', ',', 'mas', 'o', 'situação', 'político', 'com', 'o', 'rebelde', ',', 'que', 'lutar', 'por o', 'independência', 'de o', 'norte', 'e', 'de o', 'leste', 'de o', 'país', ',', 'permanecer', 'em', 'um', 'impasse', '.']]]"
11;[[['Nove', 'pessoas', 'morreram', ',', 'sendo', 'três', 'crianças', ',', 'e', 'outras', '25', 'ficaram', 'feridas', 'nesta', 'segunda-feira', 'em', 'uma', 'explosão', 'registrada', 'em', 'um', 'mercado', 'moscovita', ',', 'informou', 'a', 'Polícia', 'de', 'Moscou', '.'], ['NUM', 'NOUN', 'VERB', 'PUNCT', 'AUX', 'NUM', 'NOUN', 'PUNCT', 'CCONJ', 'DET', 'NUM', 'VERB', 'NOUN', 'ADP', 'NOUN', 'ADP', 'DET', 'NOUN', 'VERB', 'ADP', 'DET', 'NOUN', 'ADJ', 'PUNCT', 'VERB', 'DET', 'PROPN', 'ADP', 'PROPN', 'PUNCT'], ['morreram', 'ficaram', 'registrada', 'informou'], ['nove', 'pessoa', 'morrer', ',', 'ser', 'três', 'criança', ',', 'e', 'outro', '25', 'ficar', 'ferido', 'em este', 'segunda-feira', 'em', 'um', 'explosão', 'registrar', 'em', 'um', 'mercado', 'moscovita', ',', 'informar', 'o', 'Polícia', 'de', 'Moscou', '.']], [['A', 'maioria', 'dos', 'feridos', ',', 'entre', 'os', 'quais', 'há', 'quatro', 'com', 'menos', 'de', '18', 'anos', ',', 'foi', 'hospitalizada', '.'], ['DET', 'NOUN', 'ADP', 'NOUN', 'PUNCT', 'ADP', 'DET', 'PRON', 'VERB', 'NUM', 'ADP', 'ADV', 'ADP', 'NUM', 'NOUN', 'PUNCT', 'AUX', 'VERB', 'PUNCT'], ['há', 'foi hospitalizada'], ['o', 'maioria', 'de o', 'ferido', ',', 'entre', 'o', 'qual', 'haver', 'quatro', 'com', 'menos', 'de', '18', 'ano', ',', 'ser', 'hospitalizar', '.']], [['De', 'acordo', 'com', 'a', 'polícia', 'da', 'capital', 'russa', ',', 'uma', 'bomba', 'causou', 'o', 'incidente', '.'], ['ADP', 'NOUN', 'ADP', 'DET', 'NOUN', 'ADP', 'NOUN', 'ADJ', 'PUNCT', 'DET', 'NOUN', 'VERB', 'DET', 'NOUN', 'PUNCT'], ['causou'], ['de', 'acordo', 'com', 'o', 'polícia', 'de o', 'capital', 'russo', ',', 'um', 'bomba', 'causar', 'o', 'incidente', '.']], [['Cerca', 'de', 'dez', 'de', 'carros', 'de', 'bombeiros', 'e', 'mais', 'de', 'uma', 'dezena', 'de', 'ambulâncias', 'foram', 'enviadas', 'ao', 'local', ',', 'que', 'foi', 'isolado', 'pela', 'polícia', '.'], ['ADV', 'ADP', 'NUM', 'ADP', 'NOUN', 'ADP', 'NOUN', 'CCONJ', 'ADV', 'ADP', 'NUM', 'NUM', 'ADP', 'NOUN', 'AUX', 'VERB', 'ADP', 'NOUN', 'PUNCT', 'PRON', 'AUX', 'VERB', 'ADP', 'NOUN', 'PUNCT'], ['foram enviadas', 'foi isolado'], ['cerca', 'de', 'dez', 'de', 'carro', 'de', 'bombeiro', 'e', 'mais', 'de', 'um', 'dezena', 'de', 'ambulância', 'ser', 'enviar', 'a o', 'local', ',', 'que', 'ser', 'isolar', 'por o', 'polícia', '.']]]
12;"[[['Um', 'atirador', 'matou', 'ao', 'menos', '30', 'pessoas', 'em', 'dois', 'diferentes', 'locais', 'da', 'Universidade', 'Técnica', 'da', 'Virgínia', ',', 'em', 'Blacksburg', '(', 'Virgínia', ')', ',', 'nesta', 'segunda-feira', ',', 'no', 'pior', 'ataque', 'a', 'tiros', 'contra', 'um', 'campus', 'universitário', 'da', 'história', 'dos', 'Estados', 'Unidos', '.'], ['DET', 'NOUN', 'VERB', 'ADP', 'NOUN', 'NUM', 'NOUN', 'ADP', 'NUM', 'DET', 'NOUN', 'ADP', 'PROPN', 'PROPN', 'ADP', 'PROPN', 'PUNCT', 'ADP', 'PROPN', 'PUNCT', 'PROPN', 'PUNCT', 'PUNCT', 'ADP', 'NOUN', 'PUNCT', 'ADP', 'ADJ', 'NOUN', 'ADP', 'NOUN', 'ADP', 'DET', 'NOUN', 'ADJ', 'ADP', 'NOUN', 'ADP', 'PROPN', 'PROPN', 'PUNCT'], ['matou'], ['um', 'atirador', 'matar', 'a o', 'menos', '30', 'pessoa', 'em', 'dois', 'diferente', 'local', 'de o', 'Universidade', 'Técnica', 'de o', 'Virgínia', ',', 'em', 'Blacksburg', '(', 'Virgínia', ')', ',', 'em este', 'segunda-feira', ',', 'em o', 'mau', 'ataque', 'a', 'tiro', 'contra', 'um', 'campus', 'universitário', 'de o', 'história', 'de o', 'Estados', 'Unidos', '.']], [['O', 'incidente', ',', 'que', 'aconteceu', 'no', 'campus', 'da', 'Virginia', 'Tech', ',', 'no', 'estado', 'da', 'Virgínia', ',', 'deixou', 'outros', '26', 'feridos', '.'], ['DET', 'NOUN', 'PUNCT', 'PRON', 'VERB', 'ADP', 'NOUN', 'ADP', 'PROPN', 'PROPN', 'PUNCT', 'ADP', 'NOUN', 'ADP', 'PROPN', 'PUNCT', 'VERB', 'DET', 'NUM', 'NOUN', 'PUNCT'], ['aconteceu', 'deixou'], ['o', 'incidente', ',', 'que', 'acontecer', 'em o', 'campus', 'de o', 'Virginia', 'Tech', ',', 'em o', 'estado', 'de o', 'Virgínia', ',', 'deixar', 'outro', '26', 'ferido', '.']], [['Segundo', 'informações', 'da', 'polícia', ',', 'o', 'tiroteio', 'aconteceu', 'em', 'duas', 'etapas', ',', 'separadas', 'por', 'quase', 'duas', 'horas', ',', 'em', 'lados', 'opostos', 'do', 'campus', 'de', 'mil', 'hectares', '.'], ['ADP', 'NOUN', 'ADP', 'NOUN', 'PUNCT', 'DET', 'NOUN', 'VERB', 'ADP', 'NUM', 'NOUN', 'PUNCT', 'VERB', 'ADP', 'ADV', 'NUM', 'NOUN', 'PUNCT', 'ADP', 'NOUN', 'ADJ', 'ADP', 'NOUN', 'ADP', 'NUM', 'NOUN', 'PUNCT'], ['aconteceu', 'separadas'], ['segundo', 'informação', 'de o', 'polícia', ',', 'o', 'tiroteio', 'acontecer', 'em', 'dois', 'etapa', ',', 'separar', 'por', 'quase', 'dois', 'hora', ',', 'em', 'lado', 'oposto', 'de o', 'campus', 'de', 'mil', 'hectare', '.']], [['O', 'nome', 'do', 'homem', 'armado', 'não', 'foi', 'divulgado', ',', 'tampouco', 'se', 'ele', 'era', 'estudante', 'da', 'escola', '.'], ['DET', 'NOUN', 'ADP', 'NOUN', 'VERB', 'ADV', 'AUX', 'VERB', 'PUNCT', 'ADV', 'SCONJ', 'PRON', 'AUX', 'NOUN', 'ADP', 'NOUN', 'PUNCT'], ['armado', 'foi divulgado'], ['o', 'nome', 'de o', 'homem', 'armar', 'não', 'ser', 'divulgar', ',', 'tampouco', 'se', 'ele', 'ser', 'estudante', 'de o', 'escola', '.']], [['Por', 'meio', 'de', 'um', 'porta-voz', ',', 'Bush', 'também', 'comentou', 'o', 'ataque', ':', ""'"", '(', 'O', 'presidente', ')', 'ficou', 'horrorizado', 'e', 'sua', 'reação', 'imediata', 'era', 'de', 'preocupação', 'profunda', 'pelas', 'famílias', 'das', 'vítimas', ',', 'as', 'próprias', 'vítimas', ',', 'os', 'alunos', ',', 'os', 'professores', 'e', 'todas', 'as', 'pessoas', 'da', 'Virginia', 'que', 'têm', 'que', 'lidar', 'com', 'este', 'tipo', 'de', 'incidente', 'chocante', ""'"", ',', 'disse', 'uma', 'porta-voz', 'da', 'Casa', 'Branca', '.'], ['ADP', 'NOUN', 'ADP', 'DET', 'NOUN', 'PUNCT', 'PROPN', 'ADV', 'VERB', 'DET', 'NOUN', 'PUNCT', 'PUNCT', 'PUNCT', 'DET', 'NOUN', 'PUNCT', 'VERB', 'ADJ', 'CCONJ', 'DET', 'NOUN', 'ADJ', 'AUX', 'ADP', 'NOUN', 'ADJ', 'ADP', 'NOUN', 'ADP', 'NOUN', 'PUNCT', 'DET', 'ADJ', 'NOUN', 'PUNCT', 'DET', 'NOUN', 'PUNCT', 'DET', 'NOUN', 'CCONJ', 'DET', 'DET', 'NOUN', 'ADP', 'PROPN', 'PRON', 'AUX', 'SCONJ', 'VERB', 'ADP', 'DET', 'NOUN', 'ADP', 'NOUN', 'ADJ', 'PUNCT', 'PUNCT', 'VERB', 'DET', 'NOUN', 'ADP', 'PROPN', 'PROPN', 'PUNCT'], ['comentou', 'ficou', 'lidar', 'disse'], ['por', 'meio', 'de', 'um', 'porta-voz', ',', 'Bush', 'também', 'comentar', 'o', 'ataque', ':', ""'"", '(', 'o', 'presidente', ')', 'ficar', 'horrorizado', 'e', 'seu', 'reação', 'imediato', 'ser', 'de', 'preocupação', 'profundo', 'por o', 'família', 'de o', 'vítima', ',', 'o', 'próprio', 'vítima', ',', 'o', 'aluno', ',', 'o', 'professor', 'e', 'todo', 'o', 'pessoa', 'de o', 'Virginia', 'que', 'ter', 'que', 'lidar', 'com', 'este', 'tipo', 'de', 'incidente', 'chocante', ""'"", ',', 'dizer', 'um', 'porta-voz', 'de o', 'Casa', 'Branca', '.']], [['Após', 'os', 'ataques', 'a', 'tiros', ',', 'todas', 'as', 'entradas', 'do', 'campus', 'foram', 'fechadas', ',', 'e', 'as', 'aulas', 'foram', 'suspensas', '.'], ['ADP', 'DET', 'NOUN', 'ADP', 'NOUN', 'PUNCT', 'DET', 'DET', 'NOUN', 'ADP', 'NOUN', 'AUX', 'VERB', 'PUNCT', 'CCONJ', 'DET', 'NOUN', 'AUX', 'VERB', 'PUNCT'], ['foram fechadas', 'suspensas'], ['após', 'o', 'ataque', 'a', 'tiro', ',', 'todo', 'o', 'entrada', 'de o', 'campus', 'ser', 'fechar', ',', 'e', 'o', 'aula', 'ser', 'suspensas', '.']], [['A', 'universidade', 'estabeleceu', 'um', 'local', 'de', 'encontro', 'entre', 'famílias', 'e', 'representantes', 'estudantis', '.'], ['DET', 'NOUN', 'VERB', 'DET', 'NOUN', 'ADP', 'NOUN', 'ADP', 'NOUN', 'CCONJ', 'NOUN', 'ADJ', 'PUNCT'], ['estabeleceu'], ['o', 'universidade', 'estabelecer', 'um', 'local', 'de', 'encontro', 'entre', 'família', 'e', 'representante', 'estudantil', '.']], [['Uma', 'reunião', 'deve', 'ocorrer', 'nesta', 'terça-feira', 'na', 'quadra', 'de', 'basquete', 'da', 'escola', '.'], ['DET', 'NOUN', 'VERB', 'VERB', 'ADP', 'NOUN', 'ADP', 'NOUN', 'ADP', 'NOUN', 'ADP', 'NOUN', 'PUNCT'], ['deve ocorrer'], ['um', 'reunião', 'dever', 'ocorrer', 'em este', 'terça-feira', 'em o', 'quadra', 'de', 'basquete', 'de o', 'escola', '.']], [['A', 'Universidade', 'de', 'Tecnologia', 'da', 'Virgínia', 'tem', '26', 'mil', 'estudantes', 'e', 'fica', 'a', '390', 'km', 'de', 'Washington', '.'], ['DET', 'PROPN', 'ADP', 'PROPN', 'ADP', 'PROPN', 'VERB', 'NUM', 'NUM', 'NOUN', 'CCONJ', 'VERB', 'ADP', 'NUM', 'NOUN', 'ADP', 'PROPN', 'PUNCT'], ['tem', 'fica'], ['o', 'Universidade', 'de', 'Tecnologia', 'de o', 'Virgínia', 'ter', '26', 'mil', 'estudante', 'e', 'ficar', 'a', '390', 'km', 'de', 'Washington', '.']]]"
13;[[['O', 'médico', 'pessoal', 'do', 'argentino', 'Diego', 'Maradona', ',', 'Alfredo', 'Cahe', ',', 'revelou', 'nesta', 'segunda-feira', 'que', 'uma', 'recaída', 'da', 'hepatite', 'aguda', 'de', 'que', 'sofre', 'foi', 'o', 'motivo', 'da', 'nova', 'internação', 'do', 'ex-craque', '.'], ['DET', 'NOUN', 'ADJ', 'ADP', 'NOUN', 'PROPN', 'PROPN', 'PUNCT', 'PROPN', 'PROPN', 'PUNCT', 'VERB', 'ADP', 'NOUN', 'PRON', 'DET', 'NOUN', 'ADP', 'NOUN', 'ADJ', 'SCONJ', 'PRON', 'VERB', 'AUX', 'DET', 'NOUN', 'ADP', 'ADJ', 'NOUN', 'ADP', 'NOUN', 'PUNCT'], ['revelou', 'sofre foi'], ['o', 'médico', 'pessoal', 'de o', 'argentino', 'Diego', 'Maradona', ',', 'Alfredo', 'Cahe', ',', 'revelar', 'em este', 'segunda-feira', 'que', 'um', 'recaída', 'de o', 'hepatite', 'agudo', 'de', 'que', 'sofrer', 'ser', 'o', 'motivo', 'de o', 'novo', 'internação', 'de o', 'ex-craque', '.']], [['Maradona', ',', '46', ',', 'desenvolveu', 'um', 'hepatite', 'tóxica', 'por', 'excesso', 'de', 'consumo', 'de', 'álcool', ',', 'o', 'que', 'já', 'o', 'manteve', 'internado', 'durante', '13', 'dias', 'antes', 'da', 'primeira', 'alta', '.'], ['PROPN', 'PUNCT', 'NUM', 'PUNCT', 'VERB', 'DET', 'NOUN', 'ADJ', 'ADP', 'NOUN', 'ADP', 'NOUN', 'ADP', 'NOUN', 'PUNCT', 'PRON', 'PRON', 'ADV', 'PRON', 'VERB', 'VERB', 'ADP', 'NUM', 'NOUN', 'ADV', 'ADP', 'ADJ', 'NOUN', 'PUNCT'], ['desenvolveu', 'manteve internado'], ['Maradona', ',', '46', ',', 'desenvolver', 'um', 'hepatite', 'tóxico', 'por', 'excesso', 'de', 'consumo', 'de', 'álcool', ',', 'o', 'que', 'já', 'ele', 'manter', 'internar', 'durante', '13', 'dia', 'antes', 'de o', 'primeiro', 'alta', '.']]]
14;[[['A', 'pista', 'principal', 'do', 'Aeroporto', 'Internacional', 'de', 'São', 'Paulo', '(', 'Cumbica', ')', ',', 'em', 'Guarulhos', ',', 'será', 'totalmente', 'reformada', 'em', 'março', 'de', '2008', ',', 'segundo', 'informações', 'do', 'Ministério', 'da', 'Defesa', 'anunciadas', 'nesta', 'segunda-feira', ',', '6', '.'], ['DET', 'NOUN', 'ADJ', 'ADP', 'PROPN', 'PROPN', 'ADP', 'PROPN', 'PROPN', 'PUNCT', 'PROPN', 'PUNCT', 'PUNCT', 'ADP', 'PROPN', 'PUNCT', 'AUX', 'ADV', 'VERB', 'ADP', 'NOUN', 'ADP', 'NUM', 'PUNCT', 'ADP', 'NOUN', 'ADP', 'PROPN', 'ADP', 'PROPN', 'VERB', 'ADP', 'NOUN', 'PUNCT', 'NUM', 'PUNCT'], ['reformada', 'anunciadas'], ['o', 'pista', 'principal', 'de o', 'Aeroporto', 'Internacional', 'de', 'São', 'Paulo', '(', 'Cumbica', ')', ',', 'em', 'Guarulhos', ',', 'ser', 'totalmente', 'reformar', 'em', 'março', 'de', '2008', ',', 'segundo', 'informação', 'de o', 'Ministério', 'de o', 'Defesa', 'anunciar', 'em este', 'segunda-feira', ',', '6', '.']], [['O', 'ministro', 'da', 'Defesa', ',', 'Nelson', 'Jobim', ',', 'anunciou', 'a', 'reforma', 'que', ',', 'segundo', 'estudos', 'da', 'Empresa', 'Brasileira', 'de', 'Infra-Estrutura', 'Aeroportuária', '(', 'Infraero', ')', ',', 'a', 'reforma', 'poderá', 'ser', 'feita', 'sem', 'que', 'a', 'pista', 'seja', 'interditada', '.'], ['DET', 'NOUN', 'ADP', 'NOUN', 'PUNCT', 'PROPN', 'PROPN', 'PUNCT', 'VERB', 'DET', 'NOUN', 'PRON', 'PUNCT', 'ADP', 'NOUN', 'ADP', 'PROPN', 'PROPN', 'ADP', 'PROPN', 'PROPN', 'PUNCT', 'PROPN', 'PUNCT', 'PUNCT', 'DET', 'NOUN', 'VERB', 'AUX', 'VERB', 'SCONJ', 'SCONJ', 'DET', 'NOUN', 'AUX', 'VERB', 'PUNCT'], ['anunciou', 'poderá ser', 'feita', 'seja interditada'], ['o', 'ministro', 'de o', 'Defesa', ',', 'Nelson', 'Jobim', ',', 'anunciar', 'o', 'reforma', 'que', ',', 'segundo', 'estudo', 'de o', 'Empresa', 'Brasileira', 'de', 'Infra-Estrutura', 'Aeroportuária', '(', 'Infraero', ')', ',', 'o', 'reforma', 'poder', 'ser', 'fazer', 'sem', 'que', 'o', 'pista', 'ser', 'interditar', '.']], [['O', 'fechamento', 'da', 'pista', ',', 'que', 'têm', '3,7', 'km', 'de', 'extensão', ',', 'está', 'previsto', 'para', 'ocorrer', 'na', 'terceira', 'e', 'última', 'etapa', 'da', 'reforma', ',', 'que', 'terá', 'três', 'fases', '.'], ['DET', 'NOUN', 'ADP', 'NOUN', 'PUNCT', 'PRON', 'VERB', 'NUM', 'NOUN', 'ADP', 'NOUN', 'PUNCT', 'AUX', 'ADJ', 'SCONJ', 'VERB', 'ADP', 'ADJ', 'CCONJ', 'ADJ', 'NOUN', 'ADP', 'NOUN', 'PUNCT', 'PRON', 'VERB', 'NUM', 'NOUN', 'PUNCT'], ['têm', 'está previsto', 'ocorrer', 'terá'], ['o', 'fechamento', 'de o', 'pista', ',', 'que', 'ter', '3,7', 'km', 'de', 'extensão', ',', 'estar', 'previsto', 'para', 'ocorrer', 'em o', 'terceiro', 'e', 'último', 'etapa', 'de o', 'reforma', ',', 'que', 'ter', 'três', 'fase', '.']], [['Na', 'primeira', 'etapa', ',', 'será', 'reformado', 'um', 'terço', 'da', 'pista', ',', 'em', 'uma', 'das', 'cabeceiras', ',', 'ficando', 'o', 'restante', 'disponível', 'para', 'pousos', 'e', 'decolagens', '.'], ['ADP', 'ADJ', 'NOUN', 'PUNCT', 'AUX', 'VERB', 'DET', 'ADJ', 'ADP', 'NOUN', 'PUNCT', 'ADP', 'NUM', 'ADP', 'NOUN', 'PUNCT', 'VERB', 'DET', 'NOUN', 'ADJ', 'ADP', 'NOUN', 'CCONJ', 'NOUN', 'PUNCT'], ['será reformado', 'ficando'], ['em o', 'primeiro', 'etapa', ',', 'ser', 'reformar', 'um', 'terço', 'de o', 'pista', ',', 'em', 'um', 'de o', 'cabeceira', ',', 'ficar', 'o', 'restante', 'disponível', 'para', 'pouso', 'e', 'decolagem', '.']], [['Na', 'segunda', 'etapa', ',', 'a', 'parte', 'concluída', 'será', 'reaberta', 'e', 'a', 'obra', 'passará', 'a', 'ser', 'feita', 'na', 'outra', 'cabeceira', '.'], ['ADP', 'ADJ', 'NOUN', 'PUNCT', 'DET', 'NOUN', 'VERB', 'AUX', 'VERB', 'CCONJ', 'DET', 'NOUN', 'VERB', 'SCONJ', 'AUX', 'VERB', 'ADP', 'DET', 'NOUN', 'PUNCT'], ['concluída será', 'reaberta', 'passará', 'ser feita'], ['em o', 'segundo', 'etapa', ',', 'o', 'parte', 'concluír', 'ser', 'reabrir', 'e', 'o', 'obra', 'passar', 'a', 'ser', 'fazer', 'em o', 'outro', 'cabeceira', '.']], [['A', 'partir', 'de', 'março', ',', 'será', 'iniciada', 'a', 'fase', 'final', 'da', 'obra', ',', 'com', 'a', 'reforma', 'do', 'trecho', 'central', '.'], ['ADP', 'NOUN', 'ADP', 'NOUN', 'PUNCT', 'AUX', 'VERB', 'DET', 'NOUN', 'ADJ', 'ADP', 'NOUN', 'PUNCT', 'ADP', 'DET', 'NOUN', 'ADP', 'NOUN', 'ADJ', 'PUNCT'], ['será iniciada'], ['a', 'partir', 'de', 'março', ',', 'ser', 'iniciar', 'o', 'fase', 'final', 'de o', 'obra', ',', 'com', 'o', 'reforma', 'de o', 'trecho', 'central', '.']]]
15;[[['Quase', 'metade', 'dos', 'vôos', 'previstos', 'para', 'decolar', 'na', 'manhã', 'desta', 'terça-feira', '(', '24', ')', 'no', 'Aeroporto', 'de', 'Congonhas', ',', 'na', 'Zona', 'Sul', 'de', 'São', 'Paulo', ',', 'foi', 'cancelada', ',', 'de', 'acordo', 'com', 'informações', 'da', 'Infraero', '.'], ['ADV', 'NOUN', 'ADP', 'NOUN', 'VERB', 'SCONJ', 'VERB', 'ADP', 'NOUN', 'ADP', 'NOUN', 'PUNCT', 'NUM', 'PUNCT', 'ADP', 'PROPN', 'ADP', 'PROPN', 'PUNCT', 'ADP', 'PROPN', 'PROPN', 'ADP', 'PROPN', 'PROPN', 'PUNCT', 'AUX', 'VERB', 'PUNCT', 'ADP', 'NOUN', 'ADP', 'NOUN', 'ADP', 'PROPN', 'PUNCT'], ['previstos', 'decolar', 'foi cancelada'], ['quase', 'metade', 'de o', 'vôo', 'prever', 'para', 'decolar', 'em o', 'manhã', 'de este', 'terça-feira', '(', '24', ')', 'em o', 'Aeroporto', 'de', 'Congonhas', ',', 'em o', 'Zona', 'Sul', 'de', 'São', 'Paulo', ',', 'ser', 'cancelar', ',', 'de', 'acordo', 'com', 'informação', 'de o', 'Infraero', '.']], [['A', 'pista', 'principal', 'está', 'fechada', 'há', 'uma', 'semana', ',', 'desde', 'o', 'acidente', 'com', 'o', 'vôo', '3054', 'da', 'TAM', '.'], ['DET', 'NOUN', 'ADJ', 'AUX', 'ADJ', 'VERB', 'NUM', 'NOUN', 'PUNCT', 'ADP', 'DET', 'NOUN', 'ADP', 'DET', 'NOUN', 'NUM', 'ADP', 'PROPN', 'PUNCT'], ['está fechada', 'há'], ['o', 'pista', 'principal', 'estar', 'fechado', 'haver', 'um', 'semana', ',', 'desde', 'o', 'acidente', 'com', 'o', 'vôo', '3054', 'de o', 'TAM', '.']], [['Quase', 'metade', 'dos', 'vôos', 'previstos', 'para', 'decolar', 'na', 'manhã', 'desta', 'terça-feira', '(', '24', ')', 'no', 'Aeroporto', 'de', 'Congonhas', ',', 'na', 'Zona', 'Sul', 'de', 'São', 'Paulo', ',', 'foi', 'cancelada', ',', 'de', 'acordo', 'com', 'informações', 'da', 'Infraero', '.'], ['ADV', 'NOUN', 'ADP', 'NOUN', 'VERB', 'SCONJ', 'VERB', 'ADP', 'NOUN', 'ADP', 'NOUN', 'PUNCT', 'NUM', 'PUNCT', 'ADP', 'PROPN', 'ADP', 'PROPN', 'PUNCT', 'ADP', 'PROPN', 'PROPN', 'ADP', 'PROPN', 'PROPN', 'PUNCT', 'AUX', 'VERB', 'PUNCT', 'ADP', 'NOUN', 'ADP', 'NOUN', 'ADP', 'PROPN', 'PUNCT'], ['previstos', 'decolar', 'foi cancelada'], ['quase', 'metade', 'de o', 'vôo', 'prever', 'para', 'decolar', 'em o', 'manhã', 'de este', 'terça-feira', '(', '24', ')', 'em o', 'Aeroporto', 'de', 'Congonhas', ',', 'em o', 'Zona', 'Sul', 'de', 'São', 'Paulo', ',', 'ser', 'cancelar', ',', 'de', 'acordo', 'com', 'informação', 'de o', 'Infraero', '.']], [['Cumbica', 'opera', 'por', 'instrumentos', 'desde', 'as', '7h15', ',', 'por', 'causa', 'da', 'visibilidade', 'ruim', '.'], ['PROPN', 'VERB', 'ADP', 'NOUN', 'ADP', 'DET', 'NOUN', 'PUNCT', 'ADP', 'NOUN', 'ADP', 'NOUN', 'ADJ', 'PUNCT'], ['opera'], ['Cumbica', 'operar', 'por', 'instrumento', 'desde', 'o', '7h15', ',', 'por', 'causa', 'de o', 'visibilidade', 'ruim', '.']], [['Já', 'no', 'Santos', 'Dumont', ',', 'de', 'onde', 'sai', 'a', 'ponte', 'aérea', 'Rio-São', 'Paulo', ',', 'uma', 'chegada', 'apresentou', 'alteração', 'de', 'horário', 'e', 'dez', 'foram', 'canceladas', ',', 'todas', 'vindas', 'de', 'São', 'Paulo', '.'], ['ADV', 'ADP', 'PROPN', 'PROPN', 'PUNCT', 'ADP', 'PRON', 'VERB', 'DET', 'NOUN', 'ADJ', 'PROPN', 'PROPN', 'PUNCT', 'DET', 'NOUN', 'VERB', 'NOUN', 'ADP', 'NOUN', 'CCONJ', 'NUM', 'AUX', 'VERB', 'PUNCT', 'DET', 'NOUN', 'ADP', 'PROPN', 'PROPN', 'PUNCT'], ['sai', 'apresentou', 'foram canceladas'], ['já', 'em o', 'Santos', 'Dumont', ',', 'de', 'onde', 'sair', 'o', 'ponte', 'aéreo', 'Rio-São', 'Paulo', ',', 'um', 'chegada', 'apresentar', 'alteração', 'de', 'horário', 'e', 'dez', 'ser', 'cancelar', ',', 'todo', 'vindas', 'de', 'São', 'Paulo', '.']]]
16;[[['O', 'Brasil', 'lavou', 'a', 'alma', 'após', 'o', 'decepcionante', 'empate', 'com', 'a', 'Colômbia', 'no', 'último', 'domingo', 'e', ',', 'nesta', 'quarta-feira', ',', 'aplicou', 'uma', 'sonora', 'goleada', 'por', '5', 'a', '0', 'sobre', 'o', 'Equador', 'no', 'Maracanã', '.'], ['DET', 'PROPN', 'VERB', 'DET', 'NOUN', 'ADP', 'DET', 'ADJ', 'NOUN', 'ADP', 'DET', 'PROPN', 'ADP', 'ADJ', 'NOUN', 'CCONJ', 'PUNCT', 'ADP', 'NOUN', 'PUNCT', 'VERB', 'DET', 'ADJ', 'NOUN', 'ADP', 'NUM', 'ADP', 'NUM', 'ADP', 'DET', 'PROPN', 'ADP', 'NOUN', 'PUNCT'], ['lavou', 'aplicou'], ['o', 'Brasil', 'lavar', 'o', 'alma', 'após', 'o', 'decepcionante', 'empate', 'com', 'o', 'Colômbia', 'em o', 'último', 'domingo', 'e', ',', 'em este', 'quarta-feira', ',', 'aplicar', 'um', 'sonoro', 'goleada', 'por', '5', 'a', '0', 'sobre', 'o', 'Equador', 'em o', 'maracanã', '.']], [['No', 'primeiro', 'tempo', 'o', 'Brasil', 'foi', 'superior', '.'], ['ADP', 'ADJ', 'NOUN', 'DET', 'PROPN', 'AUX', 'ADJ', 'PUNCT'], ['foi superior'], ['em o', 'primeiro', 'tempo', 'o', 'Brasil', 'ser', 'alto', '.']], [['Robinho', 'deu', 'um', 'lindo', 'toque', 'para', 'Maicon', 'que', 'deu', 'um', 'drible', 'da', 'vaca', 'no', 'adversário', 'e', 'cruzou', 'na', 'medida', 'para', 'Love', 'abrir', 'o', 'placar', '.'], ['PROPN', 'VERB', 'DET', 'ADJ', 'NOUN', 'ADP', 'PROPN', 'PRON', 'VERB', 'DET', 'NOUN', 'ADP', 'NOUN', 'ADP', 'NOUN', 'CCONJ', 'VERB', 'ADP', 'NOUN', 'ADP', 'PROPN', 'VERB', 'DET', 'NOUN', 'PUNCT'], ['deu', 'deu', 'cruzou', 'abrir'], ['Robinho', 'dar', 'um', 'lindo', 'toque', 'para', 'Maicon', 'que', 'dar', 'um', 'drible', 'de o', 'vaca', 'em o', 'adversário', 'e', 'cruzar', 'em o', 'medida', 'para', 'Love', 'abrir', 'o', 'placar', '.']], [['E', 'o', 'primeiro', 'tempo', 'ficou', 'nisso', ',', 'na', 'expectativa', 'de', 'que', 'o', 'Brasil', 'poderia', ',', 'finalmente', ',', 'mostrar', 'seu', 'melhor', 'futebol', 'na', 'etapa', 'final', '.'], ['CCONJ', 'DET', 'ADJ', 'NOUN', 'VERB', 'PRON', 'PUNCT', 'ADP', 'NOUN', 'SCONJ', 'SCONJ', 'DET', 'PROPN', 'VERB', 'PUNCT', 'ADV', 'PUNCT', 'VERB', 'DET', 'ADJ', 'NOUN', 'ADP', 'NOUN', 'ADJ', 'PUNCT'], ['ficou', 'poderia', 'mostrar'], ['e', 'o', 'primeiro', 'tempo', 'ficar', 'em isso', ',', 'em o', 'expectativa', 'de', 'que', 'o', 'Brasil', 'poder', ',', 'finalmente', ',', 'mostrar', 'seu', 'bom', 'futebol', 'em o', 'etapa', 'final', '.']], [['Aos', '27', ',', 'Kaká', 'arriscou', 'de', 'muito', 'longe', 'e', 'Ronaldinho', 'colocou', 'o', 'desviou', 'o', 'chute', '.'], ['ADP', 'NUM', 'PUNCT', 'PROPN', 'VERB', 'ADP', 'ADV', 'ADV', 'CCONJ', 'PROPN', 'VERB', 'PRON', 'VERB', 'DET', 'NOUN', 'PUNCT'], ['arriscou', 'colocou', 'desviou'], ['a o', '27', ',', 'Kaká', 'arriscar', 'de', 'muito', 'longe', 'e', 'Ronaldinho', 'colocar', 'o', 'desviar', 'o', 'chute', '.']], [['A', 'bola', 'que', 'aparentemente', 'iria', 'para', 'fora', ',', 'mudou', 'de', 'direção', 'e', 'foi', 'parar', 'no', 'fundo', 'da', 'rede', '.'], ['DET', 'NOUN', 'PRON', 'ADV', 'VERB', 'ADP', 'ADV', 'PUNCT', 'VERB', 'ADP', 'NOUN', 'CCONJ', 'AUX', 'VERB', 'ADP', 'NOUN', 'ADP', 'NOUN', 'PUNCT'], ['iria', 'mudou', 'foi parar'], ['o', 'bola', 'que', 'aparentemente', 'ir', 'para', 'fora', ',', 'mudar', 'de', 'direção', 'e', 'ir', 'parar', 'em o', 'fundo', 'de o', 'rede', '.']], [['Kaká', 'acertou', 'um', 'belíssimo', 'chute', 'de', 'longe', 'no', 'ângulo', 'aos', '31', 'e', 'fez', '3', 'a', '0', '.'], ['PROPN', 'VERB', 'DET', 'ADJ', 'NOUN', 'ADP', 'ADV', 'ADP', 'NOUN', 'ADP', 'NUM', 'CCONJ', 'VERB', 'NUM', 'ADP', 'NUM', 'PUNCT'], ['acertou', 'fez'], ['Kaká', 'acertar', 'um', 'belíssimo', 'chute', 'de', 'longe', 'em o', 'ângulo', 'a o', '31', 'e', 'fazer', '3', 'a', '0', '.']], [['Quando', 'todos', 'achavam', 'que', 'o', 'gol', 'de', 'Kaké', 'tinha', 'sido', 'o', 'grand', 'finale', ',', 'Robinho', 'fez', 'uma', 'jogada', 'magnífica', ',', 'a', 'mais', 'bonita', 'do', 'jogo', ',', 'com', 'cara', 'de', 'Brasil', '.'], ['SCONJ', 'PRON', 'VERB', 'SCONJ', 'DET', 'NOUN', 'ADP', 'PROPN', 'AUX', 'AUX', 'DET', 'NOUN', 'X', 'PUNCT', 'PROPN', 'VERB', 'DET', 'NOUN', 'ADJ', 'PUNCT', 'DET', 'ADV', 'ADJ', 'ADP', 'NOUN', 'PUNCT', 'ADP', 'NOUN', 'ADP', 'PROPN', 'PUNCT'], ['achavam', 'fez'], ['quando', 'todo', 'achar', 'que', 'o', 'gol', 'de', 'Kaké', 'ter', 'ser', 'o', 'grand', 'finale', ',', 'Robinho', 'fazer', 'um', 'jogada', 'magnífico', ',', 'o', 'mais', 'bonito', 'de o', 'jogo', ',', 'com', 'cara', 'de', 'Brasil', '.']], [['A', '20', 'cm', 'da', 'linha', 'de', 'fundo', 'ele', 'deu', 'dois', 'dribles', 'humilhantes', 'no', 'zagueiro', 'equatoriano', 'e', 'cruzou', 'para', 'Elano', ',', 'que', 'fez', 'o', 'quarto', ',', 'aos', '37', '.'], ['ADP', 'NUM', 'NOUN', 'ADP', 'NOUN', 'ADP', 'NOUN', 'PRON', 'VERB', 'NUM', 'NOUN', 'ADJ', 'ADP', 'NOUN', 'ADJ', 'CCONJ', 'VERB', 'ADP', 'PROPN', 'PUNCT', 'PRON', 'VERB', 'DET', 'NOUN', 'PUNCT', 'ADP', 'NUM', 'PUNCT'], ['deu', 'cruzou', 'fez'], ['a', '20', 'cm', 'de o', 'linha', 'de', 'fundo', 'ele', 'dar', 'dois', 'drible', 'humilhante', 'em o', 'zagueiro', 'equatoriano', 'e', 'cruzar', 'para', 'Elano', ',', 'que', 'fazer', 'o', 'quarto', ',', 'a o', '37', '.']], [['Aos', '39', ',', 'Kaká', 'chutou', 'fraco', 'e', 'o', 'camisa', '1', 'tomou', 'um', 'frango', 'histórico', '.'], ['ADP', 'NUM', 'PUNCT', 'PROPN', 'VERB', 'ADJ', 'CCONJ', 'DET', 'NOUN', 'NUM', 'VERB', 'DET', 'NOUN', 'ADJ', 'PUNCT'], ['chutou', 'tomou'], ['a o', '39', ',', 'Kaká', 'chutar', 'fraco', 'e', 'o', 'camisa', '1', 'tomar', 'um', 'frango', 'histórico', '.']]]
17;[[['O', 'time', 'de', 'Bernardinho', 'derrotou', 'a', 'Rússia', 'por', '3', 'sets', 'a', '1', ',', 'parciais', 'de', '18/25', ',', '25/23', ',', '28/26', 'e', '25/22', ',', 'em', 'Katowice', '(', 'Polônia', ')', ',', 'e', 'alcançou', 'seu', 'sétimo', 'título', 'da', 'Liga', 'Mundial', '.'], ['DET', 'NOUN', 'ADP', 'PROPN', 'VERB', 'DET', 'PROPN', 'ADP', 'NUM', 'NOUN', 'ADP', 'NUM', 'PUNCT', 'ADJ', 'ADP', 'NUM', 'PUNCT', 'NUM', 'PUNCT', 'NUM', 'CCONJ', 'NUM', 'PUNCT', 'ADP', 'PROPN', 'PUNCT', 'PROPN', 'PUNCT', 'PUNCT', 'CCONJ', 'VERB', 'DET', 'ADJ', 'NOUN', 'ADP', 'PROPN', 'PROPN', 'PUNCT'], ['derrotou', 'alcançou'], ['o', 'time', 'de', 'Bernardinho', 'derrotar', 'o', 'Rússia', 'por', '3', 'set', 'a', '1', ',', 'parcial', 'de', '18/25', ',', '25/23', ',', '28/26', 'e', '25/22', ',', 'em', 'Katowice', '(', 'Polônia', ')', ',', 'e', 'alcançar', 'seu', 'sétimo', 'título', 'de o', 'Liga', 'Mundial', '.']], [['O', 'placar', 'da', 'partida', 'foi', 'de', '3', 'sets', 'a', '1', ',', 'com', 'parciais', 'de', '18/25', ',', '25/23', ',', '28/26', 'e', '25/22', '.'], ['DET', 'NOUN', 'ADP', 'NOUN', 'AUX', 'ADP', 'NUM', 'NOUN', 'ADP', 'NUM', 'PUNCT', 'ADP', 'NOUN', 'ADP', 'NUM', 'PUNCT', 'NUM', 'PUNCT', 'NUM', 'CCONJ', 'NUM', 'PUNCT'], [], ['o', 'placar', 'de o', 'partida', 'ser', 'de', '3', 'set', 'a', '1', ',', 'com', 'parcial', 'de', '18/25', ',', '25/23', ',', '28/26', 'e', '25/22', '.']], [['Foi', 'a', 'quinta', 'conquista', 'seguida', 'nesta', 'competição', '.'], ['AUX', 'DET', 'ADJ', 'NOUN', 'VERB', 'ADP', 'NOUN', 'PUNCT'], ['seguida'], ['foi', 'o', 'quinto', 'conquista', 'seguir', 'em este', 'competição', '.']], [['Em', '2008', ',', 'quando', 'a', 'Liga', 'será', 'disputada', 'em', 'Roma', ',', 'a', 'seleção', 'brasileira', 'tem', 'a', 'chance', 'de', ',', 'na', 'casa', 'do', 'adversário', ',', 'igualar', 'a', 'Itália', 'em', 'número', 'de', 'títulos', 'da', 'Liga', ',', 'conquistando', 'o', 'octacampeonato', '.'], ['ADP', 'NUM', 'PUNCT', 'ADV', 'DET', 'NOUN', 'AUX', 'VERB', 'ADP', 'PROPN', 'PUNCT', 'DET', 'NOUN', 'ADJ', 'VERB', 'DET', 'NOUN', 'SCONJ', 'PUNCT', 'ADP', 'NOUN', 'ADP', 'NOUN', 'PUNCT', 'VERB', 'DET', 'PROPN', 'ADP', 'NOUN', 'ADP', 'NOUN', 'ADP', 'PROPN', 'PUNCT', 'VERB', 'DET', 'NOUN', 'PUNCT'], ['será disputada', 'tem', 'igualar', 'conquistando'], ['em', '2008', ',', 'quando', 'o', 'Liga', 'ser', 'disputar', 'em', 'Roma', ',', 'o', 'seleção', 'brasileiro', 'ter', 'o', 'chance', 'de', ',', 'em o', 'casa', 'de o', 'adversário', ',', 'igualar', 'o', 'Itália', 'em', 'número', 'de', 'título', 'de o', 'Liga', ',', 'conquistar', 'o', 'octacampeonato', '.']]]
18;"[[['O', 'Itaú', ',', 'segundo', 'maior', 'banco', 'privado', 'do', 'País', ',', 'obteve', 'lucro', 'líquido', 'de', 'R$', '4,016', 'bilhões', 'no', 'primeiro', 'semestre', 'desse', 'ano', ',', 'superando', 'o', 'rival', 'Bradesco', 'e', 'registrando', 'o', 'maior', 'lucro', 'entre', 'bancos', 'privados', 'nos', 'últimos', '20', 'anos', '.'], ['DET', 'PROPN', 'PUNCT', 'ADP', 'ADJ', 'NOUN', 'ADJ', 'ADP', 'PROPN', 'PUNCT', 'VERB', 'NOUN', 'ADJ', 'ADP', 'SYM', 'NUM', 'NUM', 'ADP', 'ADJ', 'NOUN', 'ADP', 'NOUN', 'PUNCT', 'VERB', 'DET', 'NOUN', 'PROPN', 'CCONJ', 'VERB', 'DET', 'ADJ', 'NOUN', 'ADP', 'NOUN', 'ADJ', 'ADP', 'ADJ', 'NUM', 'NOUN', 'PUNCT'], ['obteve', 'superando', 'registrando'], ['o', 'Itaú', ',', 'segundo', 'grande', 'banco', 'privado', 'de o', 'País', ',', 'obter', 'lucro', 'líquido', 'de', 'R$', '4,016', 'bilhão', 'em o', 'primeiro', 'semestre', 'de esse', 'ano', ',', 'superar', 'o', 'rival', 'Bradesco', 'e', 'registrar', 'o', 'grande', 'lucro', 'entre', 'banco', 'privar', 'em o', 'último', '20', 'ano', '.']], [['Segundo', 'cálculos', 'da', 'consultoria', 'Economática', ',', 'o', 'resultado', 'só', 'perde', 'para', 'os', 'R$', '4,032', 'bilhões', '(', 'valores', 'atualizados', 'pelo', 'IPCA', ')', 'registrados', 'pelo', 'Banco', 'do', 'Brasil', 'no', 'primeiro', 'semestre', 'do', 'ano', 'passado', '.'], ['ADP', 'NOUN', 'ADP', 'NOUN', 'ADJ', 'PUNCT', 'DET', 'NOUN', 'ADV', 'VERB', 'ADP', 'DET', 'SYM', 'NUM', 'NUM', 'PUNCT', 'NOUN', 'VERB', 'ADP', 'PROPN', 'PUNCT', 'VERB', 'ADP', 'PROPN', 'ADP', 'PROPN', 'ADP', 'ADJ', 'NOUN', 'ADP', 'NOUN', 'ADJ', 'PUNCT'], ['perde', 'atualizados', 'registrados'], ['segundo', 'cálculo', 'de o', 'consultoria', 'Economática', ',', 'o', 'resultado', 'só', 'perder', 'para', 'o', 'R$', '4,032', 'bilhão', '(', 'valor', 'atualizar', 'por o', 'IPCA', ')', 'registrar', 'por o', 'Banco', 'de o', 'Brasil', 'em o', 'primeiro', 'semestre', 'de o', 'ano', 'passado', '.']], [[""'"", 'Esse', 'resultado', 'inclui', 'entre', 'outros', 'efeitos', 'não', 'recorrentes', 'as', 'vendas', 'da', 'participação', 'acionária', 'do', 'banco', 'na', 'empresa', 'de', 'informações', 'de', 'crédito', 'Serasa', 'e', 'da', 'sede', 'do', 'BankBoston', 'em', 'São', 'Paulo', 'e', 'constituição', 'de', 'provisão', 'para', 'créditos', 'de', 'liquidação', 'duvidosa', 'excedente', 'ao', 'mínimo', 'requerido', 'de', 'forma', 'a', 'permitir', 'a', 'absorção', 'de', 'eventuais', 'aumentos', 'de', 'inadimplência', 'ocasionados', 'por', 'forte', 'reversão', 'do', 'ciclo', 'econômico', 'em', 'situações', 'de', 'stress', ""'"", ',', 'informou', 'o', 'Itaú', '.'], ['PUNCT', 'DET', 'NOUN', 'VERB', 'ADP', 'DET', 'NOUN', 'ADV', 'ADJ', 'DET', 'NOUN', 'ADP', 'NOUN', 'ADJ', 'ADP', 'NOUN', 'ADP', 'NOUN', 'ADP', 'NOUN', 'ADP', 'NOUN', 'PROPN', 'CCONJ', 'ADP', 'NOUN', 'ADP', 'PROPN', 'ADP', 'PROPN', 'PROPN', 'CCONJ', 'NOUN', 'ADP', 'NOUN', 'ADP', 'NOUN', 'ADP', 'NOUN', 'ADJ', 'NOUN', 'ADP', 'NOUN', 'VERB', 'ADP', 'NOUN', 'SCONJ', 'VERB', 'DET', 'NOUN', 'ADP', 'ADJ', 'NOUN', 'ADP', 'NOUN', 'VERB', 'ADP', 'ADJ', 'NOUN', 'ADP', 'NOUN', 'ADJ', 'ADP', 'NOUN', 'ADP', 'NOUN', 'PUNCT', 'PUNCT', 'VERB', 'DET', 'PROPN', 'PUNCT'], ['inclui', 'requerido', 'permitir', 'ocasionados', 'informou'], [""'"", 'esse', 'resultado', 'incluir', 'entre', 'outro', 'efeito', 'não', 'recorrente', 'o', 'venda', 'de o', 'participação', 'acionário', 'de o', 'banco', 'em o', 'empresa', 'de', 'informação', 'de', 'crédito', 'Serasa', 'e', 'de o', 'sede', 'de o', 'BankBoston', 'em', 'São', 'Paulo', 'e', 'constituição', 'de', 'provisão', 'para', 'crédito', 'de', 'liquidação', 'duvidoso', 'excedente', 'a o', 'pequeno', 'requerido', 'de', 'forma', 'a', 'permitir', 'o', 'absorção', 'de', 'eventual', 'aumento', 'de', 'inadimplência', 'ocasionar', 'por', 'forte', 'reversão', 'de o', 'ciclo', 'econômico', 'em', 'situação', 'de', 'stress', ""'"", ',', 'informar', 'o', 'Itaú', '.']]]"
19;[[['A', 'ginasta', 'Jade', 'Barbosa', ',', 'que', 'obteve', 'três', 'medalhas', 'nos', 'Jogos', 'Pan-Americanos', 'do', 'Rio', ',', 'em', 'julho', ',', 'venceu', 'votação', 'na', 'internet', 'e', 'será', 'a', 'representante', 'brasileira', 'no', 'revezamento', 'da', 'tocha', 'olímpica', 'para', 'Pequim-2008', '.'], ['DET', 'NOUN', 'PROPN', 'PROPN', 'PUNCT', 'PRON', 'VERB', 'NUM', 'NOUN', 'ADP', 'PROPN', 'PROPN', 'ADP', 'PROPN', 'PUNCT', 'ADP', 'NOUN', 'PUNCT', 'VERB', 'NOUN', 'ADP', 'PROPN', 'CCONJ', 'AUX', 'DET', 'NOUN', 'ADJ', 'ADP', 'NOUN', 'ADP', 'NOUN', 'ADJ', 'ADP', 'PROPN', 'PUNCT'], ['obteve', 'venceu'], ['o', 'ginasta', 'Jade', 'Barbosa', ',', 'que', 'obter', 'três', 'medalha', 'em o', 'Jogos', 'Pan-Americanos', 'de o', 'Rio', ',', 'em', 'julho', ',', 'vencer', 'votação', 'em o', 'Internet', 'e', 'ser', 'o', 'representante', 'brasileiro', 'em o', 'revezamento', 'de o', 'tocha', 'olímpico', 'para', 'Pequim-2008', '.']], [['A', 'tocha', 'passará', 'por', 'vinte', 'países', ',', 'mas', 'o', 'Brasil', 'não', 'estará', 'no', 'percurso', 'olímpico', '.'], ['DET', 'NOUN', 'VERB', 'ADP', 'NUM', 'NOUN', 'PUNCT', 'CCONJ', 'DET', 'PROPN', 'ADV', 'AUX', 'ADP', 'NOUN', 'ADJ', 'PUNCT'], ['passará'], ['o', 'tocha', 'passar', 'por', 'vinte', 'país', ',', 'mas', 'o', 'Brasil', 'não', 'estar', 'em o', 'percurso', 'olímpico', '.']]]
20;[[['Dois', 'terremotos', 'atingiram', 'a', 'região', 'de', 'Niigata', ',', 'na', 'costa', 'oeste', 'do', 'Japão', ',', 'nesta', 'segunda-feira', '(', '16', ')', '.'], ['NUM', 'NOUN', 'VERB', 'DET', 'NOUN', 'ADP', 'PROPN', 'PUNCT', 'ADP', 'NOUN', 'ADJ', 'ADP', 'PROPN', 'PUNCT', 'ADP', 'NOUN', 'PUNCT', 'NUM', 'PUNCT', 'PUNCT'], ['atingiram'], ['dois', 'terremoto', 'atingir', 'o', 'região', 'de', 'Niigata', ',', 'em o', 'costa', 'oeste', 'de o', 'Japão', ',', 'em este', 'segunda-feira', '(', '16', ')', '.']], [['Os', 'abalos', 'provocaram', 'vazamento', 'de', 'material', 'radioativo', 'na', 'maior', 'usina', 'nuclear', 'do', 'mundo', '.'], ['DET', 'NOUN', 'VERB', 'NOUN', 'ADP', 'NOUN', 'ADJ', 'ADP', 'ADJ', 'NOUN', 'ADJ', 'ADP', 'NOUN', 'PUNCT'], ['provocaram'], ['o', 'abalo', 'provocar', 'vazamento', 'de', 'material', 'radioativo', 'em o', 'grande', 'usina', 'nuclear', 'de o', 'mundo', '.']], [['Ao', 'menos', '9', 'pessoas', 'morreram', 'e', 'cerca', 'de', '700', 'se', 'feriram', '.'], ['ADP', 'NOUN', 'NUM', 'NOUN', 'VERB', 'CCONJ', 'ADV', 'ADP', 'NUM', 'PRON', 'VERB', 'PUNCT'], ['morreram', 'feriram'], ['ao', 'menos', '9', 'pessoa', 'morrer', 'e', 'cerca', 'de', '700', 'se', 'ferir', '.']], [['Os', 'tremores', ',', 'de', '6.8', 'graus', 'na', 'escala', 'Richter', ',', 'destruiram', 'casas', 'e', 'viadutos', '.'], ['DET', 'NOUN', 'PUNCT', 'ADP', 'NUM', 'NOUN', 'ADP', 'NOUN', 'PROPN', 'PUNCT', 'VERB', 'NOUN', 'CCONJ', 'NOUN', 'PUNCT'], ['destruiram'], ['o', 'tremor', ',', 'de', '6.8', 'grau', 'em o', 'escala', 'Richter', ',', 'destruir', 'casa', 'e', 'viaduto', '.']], [['Pelo', 'menos', '10', 'mil', 'pessoas', 'fugiram', 'de', 'suas', 'casas', 'na', 'região', 'do', 'epicentro', 'dos', 'tremores', '.'], ['ADP', 'NOUN', 'NUM', 'NUM', 'NOUN', 'VERB', 'ADP', 'DET', 'NOUN', 'ADP', 'NOUN', 'ADP', 'NOUN', 'ADP', 'NOUN', 'PUNCT'], ['fugiram'], ['pelo', 'menos', '10', 'mil', 'pessoa', 'fugir', 'de', 'seu', 'casa', 'em o', 'região', 'de o', 'epicentro', 'de o', 'tremor', '.']], [['A', 'previsão', 'de', 'dois', 'dias', 'de', 'chuva', 'na', 'área', 'aumenta', 'os', 'temores', 'de', 'novos', 'deslizamentos', 'de', 'terra', ',', 'que', 'agravariam', 'a', 'devastação', '.'], ['DET', 'NOUN', 'ADP', 'NUM', 'NOUN', 'ADP', 'NOUN', 'ADP', 'NOUN', 'VERB', 'DET', 'NOUN', 'ADP', 'ADJ', 'NOUN', 'ADP', 'NOUN', 'PUNCT', 'PRON', 'VERB', 'DET', 'NOUN', 'PUNCT'], ['aumenta', 'agravariam'], ['o', 'previsão', 'de', 'dois', 'dia', 'de', 'chuva', 'em o', 'área', 'aumentar', 'o', 'temor', 'de', 'novo', 'deslizamento', 'de', 'terra', ',', 'que', 'agravariar', 'o', 'devastação', '.']], [['O', 'Japão', 'é', 'um', 'dos', 'países', 'mais', 'atingidos', 'por', 'terremotos', 'no', 'mundo', ',', 'com', 'um', 'tremor', 'a', 'cada', 'pelo', 'menos', 'cinco', 'minutos', '.'], ['DET', 'PROPN', 'AUX', 'NUM', 'ADP', 'NOUN', 'ADV', 'VERB', 'ADP', 'NOUN', 'ADP', 'NOUN', 'PUNCT', 'ADP', 'DET', 'NOUN', 'ADP', 'DET', 'ADP', 'NOUN', 'NUM', 'NOUN', 'PUNCT'], ['atingidos'], ['o', 'Japão', 'ser', 'um', 'de o', 'país', 'mais', 'atingir', 'por', 'terremoto', 'em o', 'mundo', ',', 'com', 'um', 'tremor', 'a', 'cada', 'por o', 'menos', 'cinco', 'minuto', '.']], [['Em', 'Niigata', ',', 'um', 'terremoto', 'em', 'outubro', 'de', '2004', ',', 'também', 'de', 'magnitude', '6,8', ',', 'matou', '65', 'pessoas', 'e', 'deixou', 'mais', 'de', '3.000', 'feridos', '.'], ['ADP', 'PROPN', 'PUNCT', 'DET', 'NOUN', 'ADP', 'NOUN', 'ADP', 'NUM', 'PUNCT', 'ADV', 'ADP', 'NOUN', 'NUM', 'PUNCT', 'VERB', 'NUM', 'NOUN', 'CCONJ', 'VERB', 'ADV', 'ADP', 'NUM', 'NOUN', 'PUNCT'], ['matou', 'deixou'], ['em', 'Niigata', ',', 'um', 'terremoto', 'em', 'outubro', 'de', '2004', ',', 'também', 'de', 'magnitude', '6,8', ',', 'matar', '65', 'pessoa', 'e', 'deixar', 'mais', 'de', '3.000', 'ferido', '.']], [['Foi', 'o', 'pior', 'do', 'país', 'desde', '1995', ',', 'quando', 'um', 'tremor', 'de', 'magnitude', '7,3', 'matou', 'mais', 'de', '6.400', 'pessoas', 'na', 'cidade', 'de', 'Kobe', '.'], ['AUX', 'DET', 'ADJ', 'ADP', 'NOUN', 'ADP', 'NUM', 'PUNCT', 'ADV', 'DET', 'NOUN', 'ADP', 'NOUN', 'NUM', 'VERB', 'ADV', 'ADP', 'NUM', 'NOUN', 'ADP', 'NOUN', 'ADP', 'PROPN', 'PUNCT'], ['pior', 'matou'], ['ser', 'o', 'mau', 'de o', 'país', 'desde', '1995', ',', 'quando', 'um', 'tremor', 'de', 'magnitude', '7,3', 'matar', 'mais', 'de', '6.400', 'pessoa', 'em o', 'cidade', 'de', 'Kobe', '.']]]
21;[[['A', 'Seleção', 'Brasileira', 'de', 'Futebol', 'é', 'a', 'equipe', 'mais', 'bem-sucedida', 'da', 'história', 'das', 'Copas', 'do', 'Mundo', '.'], ['DET', 'PROPN', 'PROPN', 'ADP', 'PROPN', 'AUX', 'DET', 'NOUN', 'ADV', 'ADJ', 'ADP', 'NOUN', 'ADP', 'PROPN', 'ADP', 'PROPN', 'PUNCT'], [], ['o', 'Seleção', 'Brasileira', 'de', 'Futebol', 'ser', 'o', 'equipe', 'mais', 'bem-sucedido', 'de o', 'história', 'de o', 'Copas', 'de o', 'Mundo', '.']]]
22;[[['Machado', 'de', 'Assis', 'é', 'amplamente', 'considerado', 'o', 'maior', 'escritor', 'da', 'literatura', 'brasileira', 'e', 'um', 'dos', 'maiores', 'da', 'literatura', 'mundial', '.'], ['PROPN', 'ADP', 'PROPN', 'AUX', 'ADV', 'VERB', 'DET', 'ADJ', 'NOUN', 'ADP', 'NOUN', 'ADJ', 'CCONJ', 'NUM', 'ADP', 'NOUN', 'ADP', 'NOUN', 'ADJ', 'PUNCT'], ['considerado'], ['Machado', 'de', 'Assis', 'ser', 'amplamente', 'considerar', 'o', 'grande', 'escritor', 'de o', 'literatura', 'brasileiro', 'e', 'um', 'de o', 'grande', 'de o', 'literatura', 'mundial', '.']]]
23;[[['O', 'Cristo', 'Redentor', ',', 'localizado', 'no', 'Rio', 'de', 'Janeiro', ',', 'é', 'uma', 'das', 'Novas', 'Sete', 'Maravilhas', 'do', 'Mundo', ',', 'recebendo', 'milhões', 'de', 'turistas', 'todos', 'os', 'anos', '.'], ['DET', 'PROPN', 'PROPN', 'PUNCT', 'VERB', 'ADP', 'PROPN', 'ADP', 'PROPN', 'PUNCT', 'AUX', 'NUM', 'ADP', 'PROPN', 'PROPN', 'PROPN', 'ADP', 'PROPN', 'PUNCT', 'VERB', 'NUM', 'ADP', 'NOUN', 'DET', 'DET', 'NOUN', 'PUNCT'], ['localizado', 'recebendo'], ['o', 'Cristo', 'Redentor', ',', 'localizar', 'em o', 'Rio', 'de', 'Janeiro', ',', 'ser', 'um', 'de o', 'Novas', 'Sete', 'Maravilhas', 'de o', 'Mundo', ',', 'receber', 'milhão', 'de', 'turista', 'todo', 'o', 'ano', '.']]]
24;[[['A', 'Floresta', 'Amazônica', 'é', 'a', 'maior', 'floresta', 'tropical', 'do', 'mundo', 'e', 'abriga', 'uma', 'imensa', 'biodiversidade', ',', 'além', 'de', 'desempenhar', 'um', 'papel', 'vital', 'na', 'regulação', 'climática', '.'], ['DET', 'PROPN', 'PROPN', 'AUX', 'DET', 'ADJ', 'NOUN', 'ADJ', 'ADP', 'NOUN', 'CCONJ', 'VERB', 'DET', 'ADJ', 'NOUN', 'PUNCT', 'ADV', 'ADP', 'VERB', 'DET', 'NOUN', 'ADJ', 'ADP', 'NOUN', 'ADJ', 'PUNCT'], ['abriga', 'desempenhar'], ['o', 'Floresta', 'Amazônica', 'ser', 'o', 'grande', 'floresta', 'tropical', 'de o', 'mundo', 'e', 'abrigar', 'um', 'imenso', 'biodiversidade', ',', 'além', 'de', 'desempenhar', 'um', 'papel', 'vital', 'em o', 'regulação', 'climático', '.']]]
25;[[['O', 'Carnaval', 'do', 'Rio', 'de', 'Janeiro', 'é', 'considerado', 'a', 'maior', 'festa', 'popular', 'do', 'planeta', ',', 'atraindo', 'pessoas', 'do', 'mundo', 'inteiro', '.'], ['DET', 'PROPN', 'ADP', 'PROPN', 'ADP', 'PROPN', 'AUX', 'VERB', 'DET', 'ADJ', 'NOUN', 'ADJ', 'ADP', 'NOUN', 'PUNCT', 'VERB', 'NOUN', 'ADP', 'NOUN', 'ADJ', 'PUNCT'], ['é considerado', 'atraindo'], ['o', 'Carnaval', 'de o', 'Rio', 'de', 'Janeiro', 'ser', 'considerar', 'o', 'grande', 'festa', 'popular', 'de o', 'planeta', ',', 'atrair', 'pessoa', 'de o', 'mundo', 'inteiro', '.']]]
26;[[['A', 'capital', 'do', 'Brasil', ',', 'Brasília', ',', 'foi', 'planejada', 'pelo', 'renomado', 'arquiteto', 'Oscar', 'Niemeyer', 'e', 'pelo', 'urbanista', 'Lúcio', 'Costa', '.'], ['DET', 'NOUN', 'ADP', 'PROPN', 'PUNCT', 'PROPN', 'PUNCT', 'AUX', 'VERB', 'ADP', 'ADJ', 'NOUN', 'PROPN', 'PROPN', 'CCONJ', 'ADP', 'NOUN', 'PROPN', 'PROPN', 'PUNCT'], ['foi planejada'], ['o', 'capital', 'de o', 'Brasil', ',', 'Brasília', ',', 'ser', 'planejar', 'por o', 'renomado', 'arquiteto', 'Oscar', 'Niemeyer', 'e', 'por o', 'urbanista', 'Lúcio', 'Costa', '.']]]
27;[[['Santos', 'Dumont', 'é', 'reconhecido', 'no', 'Brasil', 'e', 'em', 'várias', 'partes', 'do', 'mundo', 'como', 'o', 'pioneiro', 'e', 'o', 'verdadeiro', 'inventor', 'do', 'avião', '.'], ['PROPN', 'PROPN', 'AUX', 'VERB', 'ADP', 'PROPN', 'CCONJ', 'ADP', 'DET', 'NOUN', 'ADP', 'NOUN', 'ADP', 'DET', 'NOUN', 'CCONJ', 'DET', 'ADJ', 'NOUN', 'ADP', 'NOUN', 'PUNCT'], ['é reconhecido'], ['Santos', 'Dumont', 'ser', 'reconhecer', 'em o', 'Brasil', 'e', 'em', 'várias', 'parte', 'de o', 'mundo', 'como', 'o', 'pioneiro', 'e', 'o', 'verdadeiro', 'inventor', 'de o', 'avião', '.']]]
28;[[['A', 'economia', 'brasileira', 'é', 'uma', 'das', 'maiores', 'e', 'mais', 'diversificadas', 'da', 'América', 'Latina', 'e', 'do', 'mundo', ',', 'com', 'destaque', 'para', 'a', 'agropecuária', 'e', 'indústria', 'de', 'ponta', '.'], ['DET', 'NOUN', 'ADJ', 'AUX', 'NUM', 'ADP', 'ADJ', 'CCONJ', 'ADV', 'ADJ', 'ADP', 'PROPN', 'PROPN', 'CCONJ', 'ADP', 'NOUN', 'PUNCT', 'ADP', 'NOUN', 'ADP', 'DET', 'NOUN', 'CCONJ', 'NOUN', 'ADP', 'NOUN', 'PUNCT'], [], ['o', 'economia', 'brasileiro', 'ser', 'um', 'de o', 'grande', 'e', 'mais', 'diversificado', 'de o', 'América', 'Latina', 'e', 'de o', 'mundo', ',', 'com', 'destaque', 'para', 'o', 'agropecuária', 'e', 'indústria', 'de', 'ponta', '.']]]
29;[[['O', 'Rio', 'Amazonas', 'é', 'o', 'rio', 'mais', 'extenso', 'e', 'com', 'maior', 'volume', 'de', 'água', 'de', 'todo', 'o', 'planeta', ',', 'atravessando', 'diversos', 'países', 'sul-americanos', 'até', 'desaguar', 'no', 'Oceano', 'Atlântico', '.'], ['DET', 'PROPN', 'PROPN', 'AUX', 'DET', 'NOUN', 'ADV', 'ADJ', 'CCONJ', 'ADP', 'ADJ', 'NOUN', 'ADP', 'NOUN', 'ADP', 'DET', 'DET', 'NOUN', 'PUNCT', 'VERB', 'DET', 'NOUN', 'ADJ', 'SCONJ', 'VERB', 'ADP', 'PROPN', 'PROPN', 'PUNCT'], ['atravessando', 'desaguar'], ['o', 'Rio', 'Amazonas', 'ser', 'o', 'rio', 'mais', 'extenso', 'e', 'com', 'grande', 'volume', 'de', 'água', 'de', 'todo', 'o', 'planeta', ',', 'atravessar', 'diverso', 'país', 'sul-americano', 'até', 'desaguar', 'em o', 'Oceano', 'Atlântico', '.']]]
30;[[['A', 'Bossa', 'Nova', 'é', 'um', 'movimento', 'da', 'música', 'popular', 'brasileira', 'que', 'surgiu', 'no', 'final', 'da', 'década', 'de', '1950', ',', 'influenciando', 'o', 'jazz', 'e', 'a', 'música', 'mundial', '.'], ['DET', 'PROPN', 'PROPN', 'AUX', 'DET', 'NOUN', 'ADP', 'NOUN', 'ADJ', 'ADJ', 'PRON', 'VERB', 'ADP', 'NOUN', 'ADP', 'NOUN', 'ADP', 'NUM', 'PUNCT', 'VERB', 'DET', 'NOUN', 'CCONJ', 'DET', 'NOUN', 'ADJ', 'PUNCT'], ['surgiu', 'influenciando'], ['o', 'Bossa', 'Nova', 'ser', 'um', 'movimento', 'de o', 'música', 'popular', 'brasileiro', 'que', 'surgir', 'em o', 'final', 'de o', 'década', 'de', '1950', ',', 'influenciar', 'o', 'jazz', 'e', 'o', 'música', 'mundial', '.']]]
31;[[['A', 'feijoada', ',', 'feita', 'com', 'feijão', 'preto', 'e', 'várias', 'carnes', 'de', 'porco', ',', 'é', 'frequentemente', 'considerada', 'o', 'prato', 'nacional', 'e', 'a', 'comida', 'mais', 'tradicional', 'do', 'Brasil', '.'], ['DET', 'NOUN', 'PUNCT', 'VERB', 'ADP', 'NOUN', 'ADJ', 'CCONJ', 'DET', 'NOUN', 'ADP', 'NOUN', 'PUNCT', 'AUX', 'ADV', 'VERB', 'DET', 'NOUN', 'ADJ', 'CCONJ', 'DET', 'NOUN', 'ADV', 'ADJ', 'ADP', 'PROPN', 'PUNCT'], ['feita', 'considerada'], ['o', 'feijoada', ',', 'fazer', 'com', 'feijão', 'preto', 'e', 'várias', 'carne', 'de', 'porco', ',', 'ser', 'frequentemente', 'considerar', 'o', 'prato', 'nacional', 'e', 'o', 'comida', 'mais', 'tradicional', 'de o', 'Brasil', '.']]]
32;[[['O', 'Pantanal', 'é', 'a', 'maior', 'planície', 'inundável', 'do', 'mundo', ',', 'rica', 'em', 'vida', 'selvagem', 'e', 'com', 'uma', 'diversidade', 'incrível', 'de', 'aves', 'e', 'répteis', '.'], ['DET', 'PROPN', 'AUX', 'DET', 'ADJ', 'NOUN', 'ADJ', 'ADP', 'NOUN', 'PUNCT', 'ADJ', 'ADP', 'NOUN', 'ADJ', 'CCONJ', 'ADP', 'DET', 'NOUN', 'ADJ', 'ADP', 'NOUN', 'CCONJ', 'NOUN', 'PUNCT'], [], ['o', 'Pantanal', 'ser', 'o', 'grande', 'planície', 'inundável', 'de o', 'mundo', ',', 'rico', 'em', 'vida', 'selvagem', 'e', 'com', 'um', 'diversidade', 'incrível', 'de', 'ave', 'e', 'répteis', '.']]]
33;[[['Pelé', ',', 'também', 'conhecido', 'como', 'o', 'Rei', 'do', 'Futebol', ',', 'ganhou', 'três', 'Copas', 'do', 'Mundo', 'com', 'a', 'Seleção', 'Brasileira', ',', 'um', 'feito', 'único', 'na', 'história', 'do', 'esporte', '.'], ['PROPN', 'PUNCT', 'ADV', 'VERB', 'ADP', 'DET', 'PROPN', 'ADP', 'PROPN', 'PUNCT', 'VERB', 'NUM', 'PROPN', 'ADP', 'PROPN', 'ADP', 'DET', 'PROPN', 'PROPN', 'PUNCT', 'DET', 'NOUN', 'ADJ', 'ADP', 'NOUN', 'ADP', 'NOUN', 'PUNCT'], ['conhecido', 'ganhou'], ['Pelé', ',', 'também', 'conhecer', 'como', 'o', 'Rei', 'de o', 'Futebol', ',', 'ganhar', 'três', 'Copas', 'de o', 'Mundo', 'com', 'o', 'Seleção', 'Brasileira', ',', 'um', 'fazer', 'único', 'em o', 'história', 'de o', 'esporte', '.']]]
34;[[['A', 'independência', 'do', 'Brasil', 'foi', 'proclamada', 'no', 'dia', '7', 'de', 'setembro', 'de', '1822', 'por', 'Dom', 'Pedro', 'I', ',', 'às', 'margens', 'do', 'riacho', 'Ipiranga', '.'], ['DET', 'NOUN', 'ADP', 'PROPN', 'AUX', 'VERB', 'ADP', 'NOUN', 'NUM', 'ADP', 'NOUN', 'ADP', 'NUM', 'ADP', 'PROPN', 'PROPN', 'PROPN', 'PUNCT', 'ADP', 'NOUN', 'ADP', 'NOUN', 'PROPN', 'PUNCT'], ['foi proclamada'], ['o', 'independência', 'de o', 'Brasil', 'ser', 'proclamar', 'em o', 'dia', '7', 'de', 'setembro', 'de', '1822', 'por', 'Dom', 'Pedro', 'I', ',', 'a o', 'margem', 'de o', 'riacho', 'Ipiranga', '.']]]
35;[[['A', 'língua', 'portuguesa', 'é', 'o', 'idioma', 'oficial', 'e', 'o', 'mais', 'falado', 'no', 'Brasil', ',', 'sendo', 'o', 'único', 'país', 'de', 'língua', 'portuguesa', 'nas', 'Américas', 'e', 'o', 'maior', 'lusófono', 'do', 'mundo', '.'], ['DET', 'NOUN', 'ADJ', 'AUX', 'DET', 'NOUN', 'ADJ', 'CCONJ', 'DET', 'ADV', 'VERB', 'ADP', 'PROPN', 'PUNCT', 'AUX', 'DET', 'ADJ', 'NOUN', 'ADP', 'NOUN', 'ADJ', 'ADP', 'PROPN', 'CCONJ', 'DET', 'ADJ', 'NOUN', 'ADP', 'NOUN', 'PUNCT'], ['falado'], ['o', 'língua', 'português', 'ser', 'o', 'idioma', 'oficial', 'e', 'o', 'mais', 'falado', 'em o', 'Brasil', ',', 'ser', 'o', 'único', 'país', 'de', 'língua', 'português', 'em o', 'Américas', 'e', 'o', 'grande', 'lusófono', 'de o', 'mundo', '.']]]
